ncols 106
nrows 98
xllcorner 0
yllcorner 0
cellsize 50.0
nodata_value 255.0
2.550000000000000000e+02 2.550000000000000000e+02 2.550000000000000000e+02 2.550000000000000000e+02 2.550000000000000000e+02 2.550000000000000000e+02 2.550000000000000000e+02 2.550000000000000000e+02 2.550000000000000000e+02 2.550000000000000000e+02 2.550000000000000000e+02 2.550000000000000000e+02 2.550000000000000000e+02 2.550000000000000000e+02 2.550000000000000000e+02 2.550000000000000000e+02 2.550000000000000000e+02 2.550000000000000000e+02 2.550000000000000000e+02 2.550000000000000000e+02 2.550000000000000000e+02 2.550000000000000000e+02 2.550000000000000000e+02 2.550000000000000000e+02 2.550000000000000000e+02 2.550000000000000000e+02 2.550000000000000000e+02 2.550000000000000000e+02 2.550000000000000000e+02 2.550000000000000000e+02 2.550000000000000000e+02 2.550000000000000000e+02 2.550000000000000000e+02 2.550000000000000000e+02 2.550000000000000000e+02 2.550000000000000000e+02 2.550000000000000000e+02 2.550000000000000000e+02 2.550000000000000000e+02 2.550000000000000000e+02 2.550000000000000000e+02 2.550000000000000000e+02 2.550000000000000000e+02 2.550000000000000000e+02 2.550000000000000000e+02 2.550000000000000000e+02 2.550000000000000000e+02 2.550000000000000000e+02 2.550000000000000000e+02 2.550000000000000000e+02 2.550000000000000000e+02 2.550000000000000000e+02 2.550000000000000000e+02 2.550000000000000000e+02 2.550000000000000000e+02 2.550000000000000000e+02 2.550000000000000000e+02 2.550000000000000000e+02 2.550000000000000000e+02 2.550000000000000000e+02 2.550000000000000000e+02 2.550000000000000000e+02 2.550000000000000000e+02 2.550000000000000000e+02 2.550000000000000000e+02 2.550000000000000000e+02 2.550000000000000000e+02 2.550000000000000000e+02 2.550000000000000000e+02 2.550000000000000000e+02 2.550000000000000000e+02 2.550000000000000000e+02 2.550000000000000000e+02 2.550000000000000000e+02 2.550000000000000000e+02 2.550000000000000000e+02 2.550000000000000000e+02 2.550000000000000000e+02 2.550000000000000000e+02 2.550000000000000000e+02 2.550000000000000000e+02 2.550000000000000000e+02 2.550000000000000000e+02 2.550000000000000000e+02 2.550000000000000000e+02 2.550000000000000000e+02 2.550000000000000000e+02 2.550000000000000000e+02 2.550000000000000000e+02 2.550000000000000000e+02 2.550000000000000000e+02 2.550000000000000000e+02 2.550000000000000000e+02 2.550000000000000000e+02 2.550000000000000000e+02 2.550000000000000000e+02 2.550000000000000000e+02 2.550000000000000000e+02 2.550000000000000000e+02 2.550000000000000000e+02 2.550000000000000000e+02 2.550000000000000000e+02 2.550000000000000000e+02 2.550000000000000000e+02 2.550000000000000000e+02 2.550000000000000000e+02
2.550000000000000000e+02 2.550000000000000000e+02 2.550000000000000000e+02 2.550000000000000000e+02 2.550000000000000000e+02 2.550000000000000000e+02 2.550000000000000000e+02 2.550000000000000000e+02 2.550000000000000000e+02 2.550000000000000000e+02 2.550000000000000000e+02 2.550000000000000000e+02 2.550000000000000000e+02 2.550000000000000000e+02 2.550000000000000000e+02 2.550000000000000000e+02 2.550000000000000000e+02 2.550000000000000000e+02 2.550000000000000000e+02 2.550000000000000000e+02 2.550000000000000000e+02 2.550000000000000000e+02 2.550000000000000000e+02 2.550000000000000000e+02 2.550000000000000000e+02 2.550000000000000000e+02 2.550000000000000000e+02 2.550000000000000000e+02 2.550000000000000000e+02 2.550000000000000000e+02 2.550000000000000000e+02 2.550000000000000000e+02 2.550000000000000000e+02 2.550000000000000000e+02 2.550000000000000000e+02 2.550000000000000000e+02 2.550000000000000000e+02 2.550000000000000000e+02 2.550000000000000000e+02 2.550000000000000000e+02 2.550000000000000000e+02 2.550000000000000000e+02 2.550000000000000000e+02 2.550000000000000000e+02 2.550000000000000000e+02 2.550000000000000000e+02 2.550000000000000000e+02 2.550000000000000000e+02 2.550000000000000000e+02 2.550000000000000000e+02 2.550000000000000000e+02 2.550000000000000000e+02 2.550000000000000000e+02 2.550000000000000000e+02 2.550000000000000000e+02 2.550000000000000000e+02 2.550000000000000000e+02 2.550000000000000000e+02 2.550000000000000000e+02 2.550000000000000000e+02 2.550000000000000000e+02 3.000000000000000000e+00 2.000000000000000000e+00 3.000000000000000000e+00 2.550000000000000000e+02 2.550000000000000000e+02 2.550000000000000000e+02 3.000000000000000000e+00 2.550000000000000000e+02 2.550000000000000000e+02 2.550000000000000000e+02 2.550000000000000000e+02 2.550000000000000000e+02 2.550000000000000000e+02 2.550000000000000000e+02 2.550000000000000000e+02 2.550000000000000000e+02 2.550000000000000000e+02 2.550000000000000000e+02 2.550000000000000000e+02 2.550000000000000000e+02 2.550000000000000000e+02 2.550000000000000000e+02 2.550000000000000000e+02 2.550000000000000000e+02 2.550000000000000000e+02 2.550000000000000000e+02 2.550000000000000000e+02 2.550000000000000000e+02 2.550000000000000000e+02 2.550000000000000000e+02 2.550000000000000000e+02 2.550000000000000000e+02 2.550000000000000000e+02 2.550000000000000000e+02 2.550000000000000000e+02 2.550000000000000000e+02 2.550000000000000000e+02 2.550000000000000000e+02 2.550000000000000000e+02 2.550000000000000000e+02 2.550000000000000000e+02 2.550000000000000000e+02 2.550000000000000000e+02 2.550000000000000000e+02 2.550000000000000000e+02
2.550000000000000000e+02 2.550000000000000000e+02 2.550000000000000000e+02 2.550000000000000000e+02 2.550000000000000000e+02 2.550000000000000000e+02 2.550000000000000000e+02 2.550000000000000000e+02 2.550000000000000000e+02 2.550000000000000000e+02 2.550000000000000000e+02 2.550000000000000000e+02 2.550000000000000000e+02 2.550000000000000000e+02 2.550000000000000000e+02 2.550000000000000000e+02 2.550000000000000000e+02 2.550000000000000000e+02 2.550000000000000000e+02 2.550000000000000000e+02 2.550000000000000000e+02 2.550000000000000000e+02 2.550000000000000000e+02 2.550000000000000000e+02 2.550000000000000000e+02 2.550000000000000000e+02 2.550000000000000000e+02 2.550000000000000000e+02 2.550000000000000000e+02 2.550000000000000000e+02 2.550000000000000000e+02 2.550000000000000000e+02 2.550000000000000000e+02 2.550000000000000000e+02 2.550000000000000000e+02 2.550000000000000000e+02 2.550000000000000000e+02 2.550000000000000000e+02 2.550000000000000000e+02 2.550000000000000000e+02 2.550000000000000000e+02 2.550000000000000000e+02 2.550000000000000000e+02 2.550000000000000000e+02 2.550000000000000000e+02 2.550000000000000000e+02 2.550000000000000000e+02 2.550000000000000000e+02 2.550000000000000000e+02 2.550000000000000000e+02 2.550000000000000000e+02 1.000000000000000000e+00 1.000000000000000000e+00 2.000000000000000000e+00 3.000000000000000000e+00 3.000000000000000000e+00 3.000000000000000000e+00 3.000000000000000000e+00 3.000000000000000000e+00 4.000000000000000000e+00 4.000000000000000000e+00 3.000000000000000000e+00 3.000000000000000000e+00 3.000000000000000000e+00 3.000000000000000000e+00 3.000000000000000000e+00 3.000000000000000000e+00 3.000000000000000000e+00 3.000000000000000000e+00 2.550000000000000000e+02 2.550000000000000000e+02 2.550000000000000000e+02 2.550000000000000000e+02 2.550000000000000000e+02 2.550000000000000000e+02 2.550000000000000000e+02 2.550000000000000000e+02 2.550000000000000000e+02 2.550000000000000000e+02 2.550000000000000000e+02 2.550000000000000000e+02 2.550000000000000000e+02 2.550000000000000000e+02 2.550000000000000000e+02 2.550000000000000000e+02 2.550000000000000000e+02 2.550000000000000000e+02 2.550000000000000000e+02 2.550000000000000000e+02 2.550000000000000000e+02 2.550000000000000000e+02 2.550000000000000000e+02 2.550000000000000000e+02 2.550000000000000000e+02 2.550000000000000000e+02 2.550000000000000000e+02 2.550000000000000000e+02 2.550000000000000000e+02 2.550000000000000000e+02 2.550000000000000000e+02 2.550000000000000000e+02 2.550000000000000000e+02 2.550000000000000000e+02 2.550000000000000000e+02 2.550000000000000000e+02 2.550000000000000000e+02
2.550000000000000000e+02 2.550000000000000000e+02 2.550000000000000000e+02 2.550000000000000000e+02 2.550000000000000000e+02 2.550000000000000000e+02 2.550000000000000000e+02 2.550000000000000000e+02 2.550000000000000000e+02 2.550000000000000000e+02 2.550000000000000000e+02 2.550000000000000000e+02 2.550000000000000000e+02 2.550000000000000000e+02 2.550000000000000000e+02 2.550000000000000000e+02 2.550000000000000000e+02 2.550000000000000000e+02 2.550000000000000000e+02 2.550000000000000000e+02 2.550000000000000000e+02 2.550000000000000000e+02 2.550000000000000000e+02 2.550000000000000000e+02 2.550000000000000000e+02 2.550000000000000000e+02 2.550000000000000000e+02 2.550000000000000000e+02 2.550000000000000000e+02 2.550000000000000000e+02 2.550000000000000000e+02 2.550000000000000000e+02 2.550000000000000000e+02 2.550000000000000000e+02 2.550000000000000000e+02 2.550000000000000000e+02 2.550000000000000000e+02 2.550000000000000000e+02 2.550000000000000000e+02 2.550000000000000000e+02 2.550000000000000000e+02 2.550000000000000000e+02 2.550000000000000000e+02 2.550000000000000000e+02 2.550000000000000000e+02 2.550000000000000000e+02 2.550000000000000000e+02 2.550000000000000000e+02 2.550000000000000000e+02 2.550000000000000000e+02 2.550000000000000000e+02 2.000000000000000000e+00 2.000000000000000000e+00 3.000000000000000000e+00 2.000000000000000000e+00 3.000000000000000000e+00 3.000000000000000000e+00 4.000000000000000000e+00 4.000000000000000000e+00 4.000000000000000000e+00 4.000000000000000000e+00 3.000000000000000000e+00 3.000000000000000000e+00 4.000000000000000000e+00 3.000000000000000000e+00 3.000000000000000000e+00 4.000000000000000000e+00 2.000000000000000000e+00 3.000000000000000000e+00 3.000000000000000000e+00 4.000000000000000000e+00 2.550000000000000000e+02 2.550000000000000000e+02 2.550000000000000000e+02 2.550000000000000000e+02 2.550000000000000000e+02 2.550000000000000000e+02 2.550000000000000000e+02 2.550000000000000000e+02 2.550000000000000000e+02 2.550000000000000000e+02 2.550000000000000000e+02 2.550000000000000000e+02 2.550000000000000000e+02 2.550000000000000000e+02 2.550000000000000000e+02 2.550000000000000000e+02 2.550000000000000000e+02 2.550000000000000000e+02 2.550000000000000000e+02 2.550000000000000000e+02 2.550000000000000000e+02 2.550000000000000000e+02 2.550000000000000000e+02 2.550000000000000000e+02 2.550000000000000000e+02 2.550000000000000000e+02 2.550000000000000000e+02 2.550000000000000000e+02 2.550000000000000000e+02 2.550000000000000000e+02 2.550000000000000000e+02 2.550000000000000000e+02 2.550000000000000000e+02 2.550000000000000000e+02 2.550000000000000000e+02
2.550000000000000000e+02 2.550000000000000000e+02 2.550000000000000000e+02 2.550000000000000000e+02 2.550000000000000000e+02 2.550000000000000000e+02 2.550000000000000000e+02 2.550000000000000000e+02 2.550000000000000000e+02 2.550000000000000000e+02 2.550000000000000000e+02 2.550000000000000000e+02 2.550000000000000000e+02 2.550000000000000000e+02 2.550000000000000000e+02 2.550000000000000000e+02 2.550000000000000000e+02 2.550000000000000000e+02 2.550000000000000000e+02 2.550000000000000000e+02 2.550000000000000000e+02 2.550000000000000000e+02 2.550000000000000000e+02 2.550000000000000000e+02 2.550000000000000000e+02 2.550000000000000000e+02 2.550000000000000000e+02 2.550000000000000000e+02 2.550000000000000000e+02 2.550000000000000000e+02 2.550000000000000000e+02 2.550000000000000000e+02 2.550000000000000000e+02 2.550000000000000000e+02 2.550000000000000000e+02 2.550000000000000000e+02 2.550000000000000000e+02 2.550000000000000000e+02 2.550000000000000000e+02 2.550000000000000000e+02 2.550000000000000000e+02 2.550000000000000000e+02 2.550000000000000000e+02 2.550000000000000000e+02 2.550000000000000000e+02 2.550000000000000000e+02 2.550000000000000000e+02 2.550000000000000000e+02 2.550000000000000000e+02 2.550000000000000000e+02 3.000000000000000000e+00 2.000000000000000000e+00 2.000000000000000000e+00 2.000000000000000000e+00 3.000000000000000000e+00 4.000000000000000000e+00 4.000000000000000000e+00 4.000000000000000000e+00 4.000000000000000000e+00 3.000000000000000000e+00 3.000000000000000000e+00 3.000000000000000000e+00 3.000000000000000000e+00 4.000000000000000000e+00 4.000000000000000000e+00 4.000000000000000000e+00 3.000000000000000000e+00 3.000000000000000000e+00 3.000000000000000000e+00 4.000000000000000000e+00 4.000000000000000000e+00 2.550000000000000000e+02 2.550000000000000000e+02 2.550000000000000000e+02 2.550000000000000000e+02 2.550000000000000000e+02 2.550000000000000000e+02 2.550000000000000000e+02 2.550000000000000000e+02 2.550000000000000000e+02 2.550000000000000000e+02 2.550000000000000000e+02 2.550000000000000000e+02 2.550000000000000000e+02 2.550000000000000000e+02 2.550000000000000000e+02 2.550000000000000000e+02 2.550000000000000000e+02 2.550000000000000000e+02 2.550000000000000000e+02 2.550000000000000000e+02 2.550000000000000000e+02 2.550000000000000000e+02 2.550000000000000000e+02 2.550000000000000000e+02 2.550000000000000000e+02 2.550000000000000000e+02 2.550000000000000000e+02 2.550000000000000000e+02 2.550000000000000000e+02 2.550000000000000000e+02 2.550000000000000000e+02 2.550000000000000000e+02 2.550000000000000000e+02 2.550000000000000000e+02 2.550000000000000000e+02
2.550000000000000000e+02 2.550000000000000000e+02 2.550000000000000000e+02 2.550000000000000000e+02 2.550000000000000000e+02 2.550000000000000000e+02 2.550000000000000000e+02 2.550000000000000000e+02 2.550000000000000000e+02 2.550000000000000000e+02 2.550000000000000000e+02 2.550000000000000000e+02 2.550000000000000000e+02 2.550000000000000000e+02 2.550000000000000000e+02 2.550000000000000000e+02 2.550000000000000000e+02 2.550000000000000000e+02 2.550000000000000000e+02 2.550000000000000000e+02 2.550000000000000000e+02 2.550000000000000000e+02 2.550000000000000000e+02 2.550000000000000000e+02 2.550000000000000000e+02 2.550000000000000000e+02 2.550000000000000000e+02 2.550000000000000000e+02 2.550000000000000000e+02 2.550000000000000000e+02 2.550000000000000000e+02 2.550000000000000000e+02 2.550000000000000000e+02 2.550000000000000000e+02 2.550000000000000000e+02 2.550000000000000000e+02 2.550000000000000000e+02 2.550000000000000000e+02 2.550000000000000000e+02 2.550000000000000000e+02 2.550000000000000000e+02 2.550000000000000000e+02 2.550000000000000000e+02 2.550000000000000000e+02 2.550000000000000000e+02 2.550000000000000000e+02 2.550000000000000000e+02 2.550000000000000000e+02 2.550000000000000000e+02 2.550000000000000000e+02 3.000000000000000000e+00 2.000000000000000000e+00 2.000000000000000000e+00 2.000000000000000000e+00 4.000000000000000000e+00 4.000000000000000000e+00 4.000000000000000000e+00 4.000000000000000000e+00 4.000000000000000000e+00 4.000000000000000000e+00 3.000000000000000000e+00 3.000000000000000000e+00 4.000000000000000000e+00 3.000000000000000000e+00 3.000000000000000000e+00 4.000000000000000000e+00 3.000000000000000000e+00 3.000000000000000000e+00 3.000000000000000000e+00 4.000000000000000000e+00 4.000000000000000000e+00 3.000000000000000000e+00 2.550000000000000000e+02 2.550000000000000000e+02 2.550000000000000000e+02 2.550000000000000000e+02 2.550000000000000000e+02 2.550000000000000000e+02 2.550000000000000000e+02 2.550000000000000000e+02 2.550000000000000000e+02 2.550000000000000000e+02 2.550000000000000000e+02 2.550000000000000000e+02 2.550000000000000000e+02 2.550000000000000000e+02 2.550000000000000000e+02 2.550000000000000000e+02 2.550000000000000000e+02 2.550000000000000000e+02 2.550000000000000000e+02 2.550000000000000000e+02 2.550000000000000000e+02 2.550000000000000000e+02 2.550000000000000000e+02 2.550000000000000000e+02 2.550000000000000000e+02 2.550000000000000000e+02 2.550000000000000000e+02 2.550000000000000000e+02 2.550000000000000000e+02 2.550000000000000000e+02 2.550000000000000000e+02 2.550000000000000000e+02 2.550000000000000000e+02 2.550000000000000000e+02
2.550000000000000000e+02 2.550000000000000000e+02 2.550000000000000000e+02 2.550000000000000000e+02 2.550000000000000000e+02 2.550000000000000000e+02 2.550000000000000000e+02 2.550000000000000000e+02 2.550000000000000000e+02 2.550000000000000000e+02 2.550000000000000000e+02 2.550000000000000000e+02 2.550000000000000000e+02 2.550000000000000000e+02 2.550000000000000000e+02 2.550000000000000000e+02 2.550000000000000000e+02 2.550000000000000000e+02 2.550000000000000000e+02 2.550000000000000000e+02 2.550000000000000000e+02 2.550000000000000000e+02 2.550000000000000000e+02 2.550000000000000000e+02 2.550000000000000000e+02 2.550000000000000000e+02 2.550000000000000000e+02 2.550000000000000000e+02 2.550000000000000000e+02 2.550000000000000000e+02 2.550000000000000000e+02 2.550000000000000000e+02 2.550000000000000000e+02 2.550000000000000000e+02 2.550000000000000000e+02 2.550000000000000000e+02 2.550000000000000000e+02 2.550000000000000000e+02 2.550000000000000000e+02 2.550000000000000000e+02 2.550000000000000000e+02 2.550000000000000000e+02 2.550000000000000000e+02 2.550000000000000000e+02 2.550000000000000000e+02 2.550000000000000000e+02 2.550000000000000000e+02 2.550000000000000000e+02 2.550000000000000000e+02 2.550000000000000000e+02 3.000000000000000000e+00 3.000000000000000000e+00 3.000000000000000000e+00 3.000000000000000000e+00 4.000000000000000000e+00 3.000000000000000000e+00 4.000000000000000000e+00 4.000000000000000000e+00 4.000000000000000000e+00 4.000000000000000000e+00 4.000000000000000000e+00 3.000000000000000000e+00 4.000000000000000000e+00 3.000000000000000000e+00 3.000000000000000000e+00 2.000000000000000000e+00 2.000000000000000000e+00 3.000000000000000000e+00 2.000000000000000000e+00 2.000000000000000000e+00 3.000000000000000000e+00 4.000000000000000000e+00 3.000000000000000000e+00 3.000000000000000000e+00 3.000000000000000000e+00 4.000000000000000000e+00 4.000000000000000000e+00 3.000000000000000000e+00 3.000000000000000000e+00 2.550000000000000000e+02 2.550000000000000000e+02 2.550000000000000000e+02 2.550000000000000000e+02 2.550000000000000000e+02 2.550000000000000000e+02 2.550000000000000000e+02 2.550000000000000000e+02 2.000000000000000000e+00 2.000000000000000000e+00 2.000000000000000000e+00 2.000000000000000000e+00 2.000000000000000000e+00 1.000000000000000000e+00 2.550000000000000000e+02 2.550000000000000000e+02 2.550000000000000000e+02 2.550000000000000000e+02 2.550000000000000000e+02 2.550000000000000000e+02 2.550000000000000000e+02 2.550000000000000000e+02 2.550000000000000000e+02 2.550000000000000000e+02 2.550000000000000000e+02 2.550000000000000000e+02 2.550000000000000000e+02
2.550000000000000000e+02 2.550000000000000000e+02 2.550000000000000000e+02 2.550000000000000000e+02 2.550000000000000000e+02 2.550000000000000000e+02 2.550000000000000000e+02 2.550000000000000000e+02 2.550000000000000000e+02 2.550000000000000000e+02 2.550000000000000000e+02 2.550000000000000000e+02 2.550000000000000000e+02 2.550000000000000000e+02 2.550000000000000000e+02 2.550000000000000000e+02 2.550000000000000000e+02 2.550000000000000000e+02 2.550000000000000000e+02 2.550000000000000000e+02 2.550000000000000000e+02 2.550000000000000000e+02 2.550000000000000000e+02 2.550000000000000000e+02 2.550000000000000000e+02 2.550000000000000000e+02 2.550000000000000000e+02 2.550000000000000000e+02 2.550000000000000000e+02 2.550000000000000000e+02 2.550000000000000000e+02 2.550000000000000000e+02 2.550000000000000000e+02 2.550000000000000000e+02 2.550000000000000000e+02 2.550000000000000000e+02 2.550000000000000000e+02 2.550000000000000000e+02 2.550000000000000000e+02 2.550000000000000000e+02 2.550000000000000000e+02 2.550000000000000000e+02 2.550000000000000000e+02 2.550000000000000000e+02 2.550000000000000000e+02 2.550000000000000000e+02 2.550000000000000000e+02 2.550000000000000000e+02 2.550000000000000000e+02 2.550000000000000000e+02 3.000000000000000000e+00 4.000000000000000000e+00 3.000000000000000000e+00 2.000000000000000000e+00 4.000000000000000000e+00 3.000000000000000000e+00 4.000000000000000000e+00 4.000000000000000000e+00 4.000000000000000000e+00 4.000000000000000000e+00 3.000000000000000000e+00 3.000000000000000000e+00 4.000000000000000000e+00 4.000000000000000000e+00 4.000000000000000000e+00 2.000000000000000000e+00 2.000000000000000000e+00 2.000000000000000000e+00 2.000000000000000000e+00 2.000000000000000000e+00 3.000000000000000000e+00 3.000000000000000000e+00 3.000000000000000000e+00 4.000000000000000000e+00 3.000000000000000000e+00 4.000000000000000000e+00 3.000000000000000000e+00 2.000000000000000000e+00 3.000000000000000000e+00 2.550000000000000000e+02 2.550000000000000000e+02 2.550000000000000000e+02 2.550000000000000000e+02 2.550000000000000000e+02 2.550000000000000000e+02 2.550000000000000000e+02 2.550000000000000000e+02 2.000000000000000000e+00 2.000000000000000000e+00 2.000000000000000000e+00 2.000000000000000000e+00 2.000000000000000000e+00 1.000000000000000000e+00 2.000000000000000000e+00 2.550000000000000000e+02 2.550000000000000000e+02 2.550000000000000000e+02 2.550000000000000000e+02 2.550000000000000000e+02 2.550000000000000000e+02 2.550000000000000000e+02 2.550000000000000000e+02 2.550000000000000000e+02 2.550000000000000000e+02 2.550000000000000000e+02 2.550000000000000000e+02
2.550000000000000000e+02 2.550000000000000000e+02 2.550000000000000000e+02 2.550000000000000000e+02 2.550000000000000000e+02 2.550000000000000000e+02 2.550000000000000000e+02 2.550000000000000000e+02 2.550000000000000000e+02 2.550000000000000000e+02 2.550000000000000000e+02 2.550000000000000000e+02 2.550000000000000000e+02 2.550000000000000000e+02 2.550000000000000000e+02 2.550000000000000000e+02 2.550000000000000000e+02 2.550000000000000000e+02 2.550000000000000000e+02 2.550000000000000000e+02 2.550000000000000000e+02 2.550000000000000000e+02 2.550000000000000000e+02 2.550000000000000000e+02 2.550000000000000000e+02 2.550000000000000000e+02 2.550000000000000000e+02 2.550000000000000000e+02 2.550000000000000000e+02 2.550000000000000000e+02 2.550000000000000000e+02 2.550000000000000000e+02 2.550000000000000000e+02 2.550000000000000000e+02 2.550000000000000000e+02 2.550000000000000000e+02 2.550000000000000000e+02 2.550000000000000000e+02 2.550000000000000000e+02 2.550000000000000000e+02 2.550000000000000000e+02 2.550000000000000000e+02 2.550000000000000000e+02 2.550000000000000000e+02 2.550000000000000000e+02 2.550000000000000000e+02 2.550000000000000000e+02 2.550000000000000000e+02 2.550000000000000000e+02 3.000000000000000000e+00 3.000000000000000000e+00 3.000000000000000000e+00 3.000000000000000000e+00 2.000000000000000000e+00 3.000000000000000000e+00 4.000000000000000000e+00 3.000000000000000000e+00 4.000000000000000000e+00 3.000000000000000000e+00 3.000000000000000000e+00 3.000000000000000000e+00 3.000000000000000000e+00 4.000000000000000000e+00 3.000000000000000000e+00 3.000000000000000000e+00 2.000000000000000000e+00 2.000000000000000000e+00 2.000000000000000000e+00 2.000000000000000000e+00 3.000000000000000000e+00 3.000000000000000000e+00 3.000000000000000000e+00 3.000000000000000000e+00 3.000000000000000000e+00 2.000000000000000000e+00 2.000000000000000000e+00 2.000000000000000000e+00 2.000000000000000000e+00 2.000000000000000000e+00 2.550000000000000000e+02 2.550000000000000000e+02 2.550000000000000000e+02 2.550000000000000000e+02 2.550000000000000000e+02 2.550000000000000000e+02 2.550000000000000000e+02 2.000000000000000000e+00 2.000000000000000000e+00 2.000000000000000000e+00 2.000000000000000000e+00 2.000000000000000000e+00 2.000000000000000000e+00 2.000000000000000000e+00 2.000000000000000000e+00 2.550000000000000000e+02 2.550000000000000000e+02 2.550000000000000000e+02 2.550000000000000000e+02 2.550000000000000000e+02 2.550000000000000000e+02 2.550000000000000000e+02 2.550000000000000000e+02 2.550000000000000000e+02 2.550000000000000000e+02 2.550000000000000000e+02 2.550000000000000000e+02
2.550000000000000000e+02 2.550000000000000000e+02 2.550000000000000000e+02 2.550000000000000000e+02 2.550000000000000000e+02 2.550000000000000000e+02 2.550000000000000000e+02 2.550000000000000000e+02 2.550000000000000000e+02 2.550000000000000000e+02 2.550000000000000000e+02 2.550000000000000000e+02 2.550000000000000000e+02 2.550000000000000000e+02 2.550000000000000000e+02 2.550000000000000000e+02 2.550000000000000000e+02 2.550000000000000000e+02 2.550000000000000000e+02 2.550000000000000000e+02 2.550000000000000000e+02 2.550000000000000000e+02 2.550000000000000000e+02 2.550000000000000000e+02 2.550000000000000000e+02 2.550000000000000000e+02 2.550000000000000000e+02 2.550000000000000000e+02 2.550000000000000000e+02 2.550000000000000000e+02 2.550000000000000000e+02 2.550000000000000000e+02 2.550000000000000000e+02 2.550000000000000000e+02 2.550000000000000000e+02 2.550000000000000000e+02 2.550000000000000000e+02 2.550000000000000000e+02 2.550000000000000000e+02 2.550000000000000000e+02 2.550000000000000000e+02 2.550000000000000000e+02 2.550000000000000000e+02 2.550000000000000000e+02 2.550000000000000000e+02 2.550000000000000000e+02 2.550000000000000000e+02 2.550000000000000000e+02 2.550000000000000000e+02 2.000000000000000000e+00 3.000000000000000000e+00 2.000000000000000000e+00 2.000000000000000000e+00 2.000000000000000000e+00 2.000000000000000000e+00 2.000000000000000000e+00 3.000000000000000000e+00 4.000000000000000000e+00 4.000000000000000000e+00 3.000000000000000000e+00 3.000000000000000000e+00 2.000000000000000000e+00 2.000000000000000000e+00 3.000000000000000000e+00 2.000000000000000000e+00 3.000000000000000000e+00 3.000000000000000000e+00 3.000000000000000000e+00 2.000000000000000000e+00 2.000000000000000000e+00 2.000000000000000000e+00 2.000000000000000000e+00 3.000000000000000000e+00 2.000000000000000000e+00 3.000000000000000000e+00 2.000000000000000000e+00 2.000000000000000000e+00 2.000000000000000000e+00 2.000000000000000000e+00 2.550000000000000000e+02 2.550000000000000000e+02 2.550000000000000000e+02 2.550000000000000000e+02 2.550000000000000000e+02 2.550000000000000000e+02 3.000000000000000000e+00 2.000000000000000000e+00 2.000000000000000000e+00 2.000000000000000000e+00 2.000000000000000000e+00 2.000000000000000000e+00 2.000000000000000000e+00 2.000000000000000000e+00 2.000000000000000000e+00 2.550000000000000000e+02 2.550000000000000000e+02 2.550000000000000000e+02 2.550000000000000000e+02 2.550000000000000000e+02 2.550000000000000000e+02 2.550000000000000000e+02 2.550000000000000000e+02 2.550000000000000000e+02 2.550000000000000000e+02 2.550000000000000000e+02 2.550000000000000000e+02
2.550000000000000000e+02 2.550000000000000000e+02 2.550000000000000000e+02 2.550000000000000000e+02 2.550000000000000000e+02 2.550000000000000000e+02 2.550000000000000000e+02 2.550000000000000000e+02 2.550000000000000000e+02 2.550000000000000000e+02 2.550000000000000000e+02 2.550000000000000000e+02 2.550000000000000000e+02 2.550000000000000000e+02 2.550000000000000000e+02 2.550000000000000000e+02 2.550000000000000000e+02 2.550000000000000000e+02 2.550000000000000000e+02 2.550000000000000000e+02 2.550000000000000000e+02 2.550000000000000000e+02 2.550000000000000000e+02 2.550000000000000000e+02 2.550000000000000000e+02 2.550000000000000000e+02 2.550000000000000000e+02 2.550000000000000000e+02 2.550000000000000000e+02 2.550000000000000000e+02 2.550000000000000000e+02 2.550000000000000000e+02 2.550000000000000000e+02 2.550000000000000000e+02 2.550000000000000000e+02 2.550000000000000000e+02 2.550000000000000000e+02 2.550000000000000000e+02 2.550000000000000000e+02 2.550000000000000000e+02 2.550000000000000000e+02 2.550000000000000000e+02 2.550000000000000000e+02 2.550000000000000000e+02 2.550000000000000000e+02 2.550000000000000000e+02 2.550000000000000000e+02 2.550000000000000000e+02 2.550000000000000000e+02 2.000000000000000000e+00 3.000000000000000000e+00 2.000000000000000000e+00 2.000000000000000000e+00 2.000000000000000000e+00 2.000000000000000000e+00 2.000000000000000000e+00 3.000000000000000000e+00 4.000000000000000000e+00 4.000000000000000000e+00 3.000000000000000000e+00 3.000000000000000000e+00 2.000000000000000000e+00 2.000000000000000000e+00 3.000000000000000000e+00 2.000000000000000000e+00 3.000000000000000000e+00 3.000000000000000000e+00 3.000000000000000000e+00 2.000000000000000000e+00 3.000000000000000000e+00 3.000000000000000000e+00 2.000000000000000000e+00 2.000000000000000000e+00 2.000000000000000000e+00 2.000000000000000000e+00 2.000000000000000000e+00 2.000000000000000000e+00 2.000000000000000000e+00 3.000000000000000000e+00 2.000000000000000000e+00 2.000000000000000000e+00 3.000000000000000000e+00 2.000000000000000000e+00 3.000000000000000000e+00 2.000000000000000000e+00 2.000000000000000000e+00 2.000000000000000000e+00 2.000000000000000000e+00 2.000000000000000000e+00 2.000000000000000000e+00 2.000000000000000000e+00 1.000000000000000000e+00 2.550000000000000000e+02 2.550000000000000000e+02 2.550000000000000000e+02 2.550000000000000000e+02 2.550000000000000000e+02 2.550000000000000000e+02 2.550000000000000000e+02 2.550000000000000000e+02 2.550000000000000000e+02 2.550000000000000000e+02 2.550000000000000000e+02 2.550000000000000000e+02 2.550000000000000000e+02 2.550000000000000000e+02
2.550000000000000000e+02 2.550000000000000000e+02 2.550000000000000000e+02 2.550000000000000000e+02 2.550000000000000000e+02 2.550000000000000000e+02 2.550000000000000000e+02 2.550000000000000000e+02 2.550000000000000000e+02 2.550000000000000000e+02 2.550000000000000000e+02 2.550000000000000000e+02 2.550000000000000000e+02 2.550000000000000000e+02 2.550000000000000000e+02 2.550000000000000000e+02 2.550000000000000000e+02 2.550000000000000000e+02 2.550000000000000000e+02 2.550000000000000000e+02 2.550000000000000000e+02 2.550000000000000000e+02 2.550000000000000000e+02 2.550000000000000000e+02 2.550000000000000000e+02 2.550000000000000000e+02 2.550000000000000000e+02 2.550000000000000000e+02 2.550000000000000000e+02 2.550000000000000000e+02 2.550000000000000000e+02 2.550000000000000000e+02 2.550000000000000000e+02 2.550000000000000000e+02 2.550000000000000000e+02 2.550000000000000000e+02 2.550000000000000000e+02 2.550000000000000000e+02 2.550000000000000000e+02 2.550000000000000000e+02 2.550000000000000000e+02 2.550000000000000000e+02 2.550000000000000000e+02 2.550000000000000000e+02 2.550000000000000000e+02 2.550000000000000000e+02 2.550000000000000000e+02 2.550000000000000000e+02 3.000000000000000000e+00 2.000000000000000000e+00 2.000000000000000000e+00 2.000000000000000000e+00 2.000000000000000000e+00 2.000000000000000000e+00 2.000000000000000000e+00 2.000000000000000000e+00 2.000000000000000000e+00 3.000000000000000000e+00 3.000000000000000000e+00 2.000000000000000000e+00 2.000000000000000000e+00 2.000000000000000000e+00 2.000000000000000000e+00 2.000000000000000000e+00 2.000000000000000000e+00 2.000000000000000000e+00 2.000000000000000000e+00 2.000000000000000000e+00 2.000000000000000000e+00 3.000000000000000000e+00 3.000000000000000000e+00 3.000000000000000000e+00 2.000000000000000000e+00 4.000000000000000000e+00 3.000000000000000000e+00 3.000000000000000000e+00 2.000000000000000000e+00 2.000000000000000000e+00 2.000000000000000000e+00 2.000000000000000000e+00 2.000000000000000000e+00 3.000000000000000000e+00 3.000000000000000000e+00 2.000000000000000000e+00 2.000000000000000000e+00 3.000000000000000000e+00 3.000000000000000000e+00 2.000000000000000000e+00 2.000000000000000000e+00 2.000000000000000000e+00 2.000000000000000000e+00 2.000000000000000000e+00 2.550000000000000000e+02 2.550000000000000000e+02 2.550000000000000000e+02 2.550000000000000000e+02 2.550000000000000000e+02 2.550000000000000000e+02 2.550000000000000000e+02 2.550000000000000000e+02 2.550000000000000000e+02 2.550000000000000000e+02 2.550000000000000000e+02 2.550000000000000000e+02 2.550000000000000000e+02 2.550000000000000000e+02
2.550000000000000000e+02 2.550000000000000000e+02 2.550000000000000000e+02 2.550000000000000000e+02 2.550000000000000000e+02 2.550000000000000000e+02 2.550000000000000000e+02 2.550000000000000000e+02 2.550000000000000000e+02 2.550000000000000000e+02 2.550000000000000000e+02 2.550000000000000000e+02 2.550000000000000000e+02 2.550000000000000000e+02 2.550000000000000000e+02 2.550000000000000000e+02 2.550000000000000000e+02 2.550000000000000000e+02 2.550000000000000000e+02 2.550000000000000000e+02 2.550000000000000000e+02 2.550000000000000000e+02 2.550000000000000000e+02 2.550000000000000000e+02 2.550000000000000000e+02 2.550000000000000000e+02 2.550000000000000000e+02 2.550000000000000000e+02 2.550000000000000000e+02 2.550000000000000000e+02 2.550000000000000000e+02 2.550000000000000000e+02 2.550000000000000000e+02 2.550000000000000000e+02 2.550000000000000000e+02 2.550000000000000000e+02 2.550000000000000000e+02 2.550000000000000000e+02 2.550000000000000000e+02 2.550000000000000000e+02 2.550000000000000000e+02 2.550000000000000000e+02 2.550000000000000000e+02 2.550000000000000000e+02 2.550000000000000000e+02 2.550000000000000000e+02 2.550000000000000000e+02 3.000000000000000000e+00 3.000000000000000000e+00 3.000000000000000000e+00 3.000000000000000000e+00 2.000000000000000000e+00 2.000000000000000000e+00 2.000000000000000000e+00 2.000000000000000000e+00 2.000000000000000000e+00 2.000000000000000000e+00 2.000000000000000000e+00 2.000000000000000000e+00 2.000000000000000000e+00 3.000000000000000000e+00 3.000000000000000000e+00 3.000000000000000000e+00 3.000000000000000000e+00 3.000000000000000000e+00 2.000000000000000000e+00 3.000000000000000000e+00 4.000000000000000000e+00 2.000000000000000000e+00 2.000000000000000000e+00 3.000000000000000000e+00 3.000000000000000000e+00 3.000000000000000000e+00 3.000000000000000000e+00 3.000000000000000000e+00 2.000000000000000000e+00 2.000000000000000000e+00 2.000000000000000000e+00 3.000000000000000000e+00 2.000000000000000000e+00 2.000000000000000000e+00 2.000000000000000000e+00 2.000000000000000000e+00 2.000000000000000000e+00 3.000000000000000000e+00 3.000000000000000000e+00 3.000000000000000000e+00 2.000000000000000000e+00 2.000000000000000000e+00 2.000000000000000000e+00 2.000000000000000000e+00 2.550000000000000000e+02 2.550000000000000000e+02 2.550000000000000000e+02 2.550000000000000000e+02 2.550000000000000000e+02 2.550000000000000000e+02 2.550000000000000000e+02 2.550000000000000000e+02 2.550000000000000000e+02 2.550000000000000000e+02 2.550000000000000000e+02 2.550000000000000000e+02 2.550000000000000000e+02 2.550000000000000000e+02 2.550000000000000000e+02
2.550000000000000000e+02 2.550000000000000000e+02 2.550000000000000000e+02 2.550000000000000000e+02 2.550000000000000000e+02 2.550000000000000000e+02 2.550000000000000000e+02 2.550000000000000000e+02 2.550000000000000000e+02 2.550000000000000000e+02 2.550000000000000000e+02 2.550000000000000000e+02 2.550000000000000000e+02 2.550000000000000000e+02 2.550000000000000000e+02 2.550000000000000000e+02 2.550000000000000000e+02 2.550000000000000000e+02 2.550000000000000000e+02 2.550000000000000000e+02 2.550000000000000000e+02 2.550000000000000000e+02 2.550000000000000000e+02 2.550000000000000000e+02 2.550000000000000000e+02 2.550000000000000000e+02 2.550000000000000000e+02 2.550000000000000000e+02 2.550000000000000000e+02 2.550000000000000000e+02 2.550000000000000000e+02 2.550000000000000000e+02 2.550000000000000000e+02 2.550000000000000000e+02 2.550000000000000000e+02 2.550000000000000000e+02 2.550000000000000000e+02 2.550000000000000000e+02 2.550000000000000000e+02 2.550000000000000000e+02 2.550000000000000000e+02 2.550000000000000000e+02 2.550000000000000000e+02 2.550000000000000000e+02 2.550000000000000000e+02 2.550000000000000000e+02 4.000000000000000000e+00 4.000000000000000000e+00 4.000000000000000000e+00 4.000000000000000000e+00 2.000000000000000000e+00 3.000000000000000000e+00 3.000000000000000000e+00 2.000000000000000000e+00 2.000000000000000000e+00 2.000000000000000000e+00 2.000000000000000000e+00 2.000000000000000000e+00 3.000000000000000000e+00 2.000000000000000000e+00 2.000000000000000000e+00 3.000000000000000000e+00 2.000000000000000000e+00 3.000000000000000000e+00 4.000000000000000000e+00 3.000000000000000000e+00 2.000000000000000000e+00 3.000000000000000000e+00 3.000000000000000000e+00 3.000000000000000000e+00 3.000000000000000000e+00 3.000000000000000000e+00 2.000000000000000000e+00 2.000000000000000000e+00 2.000000000000000000e+00 2.000000000000000000e+00 2.000000000000000000e+00 2.000000000000000000e+00 2.000000000000000000e+00 2.000000000000000000e+00 3.000000000000000000e+00 3.000000000000000000e+00 3.000000000000000000e+00 3.000000000000000000e+00 3.000000000000000000e+00 2.000000000000000000e+00 2.000000000000000000e+00 2.000000000000000000e+00 2.000000000000000000e+00 2.000000000000000000e+00 2.000000000000000000e+00 2.550000000000000000e+02 2.550000000000000000e+02 2.550000000000000000e+02 2.550000000000000000e+02 2.550000000000000000e+02 2.550000000000000000e+02 2.550000000000000000e+02 2.550000000000000000e+02 2.550000000000000000e+02 2.550000000000000000e+02 2.550000000000000000e+02 2.550000000000000000e+02 2.550000000000000000e+02 2.550000000000000000e+02 2.550000000000000000e+02
2.550000000000000000e+02 2.550000000000000000e+02 2.550000000000000000e+02 2.550000000000000000e+02 2.550000000000000000e+02 2.550000000000000000e+02 2.550000000000000000e+02 2.550000000000000000e+02 2.550000000000000000e+02 2.550000000000000000e+02 2.550000000000000000e+02 2.550000000000000000e+02 2.550000000000000000e+02 2.550000000000000000e+02 2.550000000000000000e+02 2.550000000000000000e+02 2.550000000000000000e+02 2.550000000000000000e+02 2.550000000000000000e+02 2.550000000000000000e+02 2.550000000000000000e+02 2.550000000000000000e+02 2.550000000000000000e+02 2.550000000000000000e+02 2.550000000000000000e+02 2.550000000000000000e+02 2.550000000000000000e+02 2.550000000000000000e+02 2.550000000000000000e+02 2.550000000000000000e+02 2.550000000000000000e+02 2.550000000000000000e+02 2.550000000000000000e+02 2.550000000000000000e+02 2.550000000000000000e+02 2.550000000000000000e+02 2.550000000000000000e+02 2.550000000000000000e+02 2.550000000000000000e+02 2.550000000000000000e+02 2.550000000000000000e+02 2.550000000000000000e+02 2.550000000000000000e+02 4.000000000000000000e+00 4.000000000000000000e+00 4.000000000000000000e+00 4.000000000000000000e+00 3.000000000000000000e+00 4.000000000000000000e+00 3.000000000000000000e+00 3.000000000000000000e+00 3.000000000000000000e+00 3.000000000000000000e+00 2.000000000000000000e+00 2.000000000000000000e+00 2.000000000000000000e+00 2.000000000000000000e+00 3.000000000000000000e+00 3.000000000000000000e+00 2.000000000000000000e+00 2.000000000000000000e+00 2.000000000000000000e+00 2.000000000000000000e+00 2.000000000000000000e+00 2.000000000000000000e+00 3.000000000000000000e+00 3.000000000000000000e+00 3.000000000000000000e+00 4.000000000000000000e+00 3.000000000000000000e+00 3.000000000000000000e+00 4.000000000000000000e+00 3.000000000000000000e+00 3.000000000000000000e+00 3.000000000000000000e+00 2.000000000000000000e+00 2.000000000000000000e+00 2.000000000000000000e+00 2.000000000000000000e+00 2.000000000000000000e+00 2.000000000000000000e+00 2.000000000000000000e+00 2.000000000000000000e+00 2.000000000000000000e+00 2.000000000000000000e+00 2.000000000000000000e+00 2.000000000000000000e+00 2.000000000000000000e+00 2.000000000000000000e+00 2.000000000000000000e+00 2.000000000000000000e+00 2.550000000000000000e+02 2.550000000000000000e+02 2.550000000000000000e+02 2.550000000000000000e+02 2.550000000000000000e+02 2.550000000000000000e+02 2.550000000000000000e+02 2.550000000000000000e+02 2.550000000000000000e+02 2.550000000000000000e+02 2.550000000000000000e+02 2.550000000000000000e+02 2.550000000000000000e+02 2.550000000000000000e+02 2.550000000000000000e+02
2.550000000000000000e+02 2.550000000000000000e+02 2.550000000000000000e+02 2.550000000000000000e+02 2.550000000000000000e+02 2.550000000000000000e+02 2.550000000000000000e+02 2.550000000000000000e+02 2.550000000000000000e+02 2.550000000000000000e+02 2.550000000000000000e+02 2.550000000000000000e+02 2.550000000000000000e+02 2.550000000000000000e+02 2.550000000000000000e+02 2.550000000000000000e+02 2.550000000000000000e+02 2.550000000000000000e+02 2.550000000000000000e+02 2.550000000000000000e+02 2.550000000000000000e+02 2.550000000000000000e+02 2.550000000000000000e+02 2.550000000000000000e+02 2.550000000000000000e+02 2.550000000000000000e+02 2.550000000000000000e+02 2.550000000000000000e+02 2.550000000000000000e+02 2.550000000000000000e+02 2.550000000000000000e+02 2.550000000000000000e+02 2.550000000000000000e+02 2.550000000000000000e+02 2.550000000000000000e+02 2.550000000000000000e+02 2.550000000000000000e+02 2.550000000000000000e+02 2.550000000000000000e+02 2.550000000000000000e+02 2.550000000000000000e+02 2.550000000000000000e+02 2.550000000000000000e+02 4.000000000000000000e+00 2.000000000000000000e+00 2.000000000000000000e+00 2.000000000000000000e+00 3.000000000000000000e+00 4.000000000000000000e+00 4.000000000000000000e+00 4.000000000000000000e+00 3.000000000000000000e+00 2.000000000000000000e+00 2.000000000000000000e+00 2.000000000000000000e+00 2.000000000000000000e+00 2.000000000000000000e+00 2.000000000000000000e+00 3.000000000000000000e+00 3.000000000000000000e+00 3.000000000000000000e+00 3.000000000000000000e+00 3.000000000000000000e+00 3.000000000000000000e+00 3.000000000000000000e+00 2.000000000000000000e+00 2.000000000000000000e+00 3.000000000000000000e+00 4.000000000000000000e+00 4.000000000000000000e+00 3.000000000000000000e+00 3.000000000000000000e+00 3.000000000000000000e+00 2.000000000000000000e+00 2.000000000000000000e+00 2.000000000000000000e+00 2.000000000000000000e+00 2.000000000000000000e+00 2.000000000000000000e+00 2.000000000000000000e+00 2.000000000000000000e+00 2.000000000000000000e+00 2.000000000000000000e+00 2.000000000000000000e+00 2.000000000000000000e+00 2.000000000000000000e+00 3.000000000000000000e+00 3.000000000000000000e+00 2.000000000000000000e+00 2.000000000000000000e+00 2.550000000000000000e+02 2.550000000000000000e+02 2.550000000000000000e+02 2.550000000000000000e+02 2.550000000000000000e+02 2.550000000000000000e+02 2.550000000000000000e+02 2.550000000000000000e+02 2.550000000000000000e+02 2.550000000000000000e+02 2.550000000000000000e+02 2.550000000000000000e+02 2.550000000000000000e+02 2.550000000000000000e+02 2.550000000000000000e+02 2.550000000000000000e+02
2.550000000000000000e+02 2.550000000000000000e+02 2.550000000000000000e+02 2.550000000000000000e+02 2.550000000000000000e+02 2.550000000000000000e+02 2.550000000000000000e+02 2.550000000000000000e+02 2.550000000000000000e+02 2.550000000000000000e+02 2.550000000000000000e+02 2.550000000000000000e+02 2.550000000000000000e+02 2.550000000000000000e+02 2.550000000000000000e+02 2.550000000000000000e+02 2.550000000000000000e+02 2.550000000000000000e+02 2.550000000000000000e+02 2.550000000000000000e+02 2.550000000000000000e+02 2.550000000000000000e+02 2.550000000000000000e+02 2.550000000000000000e+02 2.550000000000000000e+02 2.550000000000000000e+02 2.550000000000000000e+02 2.550000000000000000e+02 2.550000000000000000e+02 2.550000000000000000e+02 2.550000000000000000e+02 2.550000000000000000e+02 2.550000000000000000e+02 2.550000000000000000e+02 2.550000000000000000e+02 2.550000000000000000e+02 2.550000000000000000e+02 2.550000000000000000e+02 4.000000000000000000e+00 3.000000000000000000e+00 4.000000000000000000e+00 4.000000000000000000e+00 4.000000000000000000e+00 3.000000000000000000e+00 4.000000000000000000e+00 4.000000000000000000e+00 4.000000000000000000e+00 4.000000000000000000e+00 4.000000000000000000e+00 4.000000000000000000e+00 4.000000000000000000e+00 4.000000000000000000e+00 3.000000000000000000e+00 3.000000000000000000e+00 4.000000000000000000e+00 3.000000000000000000e+00 3.000000000000000000e+00 4.000000000000000000e+00 4.000000000000000000e+00 3.000000000000000000e+00 3.000000000000000000e+00 4.000000000000000000e+00 4.000000000000000000e+00 4.000000000000000000e+00 4.000000000000000000e+00 3.000000000000000000e+00 2.000000000000000000e+00 3.000000000000000000e+00 4.000000000000000000e+00 3.000000000000000000e+00 3.000000000000000000e+00 3.000000000000000000e+00 3.000000000000000000e+00 3.000000000000000000e+00 3.000000000000000000e+00 2.000000000000000000e+00 3.000000000000000000e+00 3.000000000000000000e+00 3.000000000000000000e+00 3.000000000000000000e+00 3.000000000000000000e+00 2.000000000000000000e+00 2.000000000000000000e+00 2.000000000000000000e+00 2.000000000000000000e+00 2.000000000000000000e+00 2.000000000000000000e+00 2.000000000000000000e+00 2.000000000000000000e+00 2.550000000000000000e+02 2.550000000000000000e+02 2.550000000000000000e+02 2.550000000000000000e+02 2.550000000000000000e+02 2.550000000000000000e+02 2.550000000000000000e+02 2.550000000000000000e+02 2.550000000000000000e+02 2.550000000000000000e+02 2.550000000000000000e+02 2.550000000000000000e+02 2.550000000000000000e+02 2.550000000000000000e+02 2.550000000000000000e+02 2.550000000000000000e+02 2.550000000000000000e+02
2.550000000000000000e+02 2.550000000000000000e+02 2.550000000000000000e+02 2.550000000000000000e+02 2.550000000000000000e+02 2.550000000000000000e+02 2.550000000000000000e+02 2.550000000000000000e+02 2.550000000000000000e+02 2.550000000000000000e+02 2.550000000000000000e+02 2.550000000000000000e+02 2.550000000000000000e+02 2.550000000000000000e+02 2.550000000000000000e+02 2.550000000000000000e+02 2.550000000000000000e+02 2.550000000000000000e+02 2.550000000000000000e+02 2.550000000000000000e+02 2.550000000000000000e+02 2.550000000000000000e+02 2.550000000000000000e+02 2.550000000000000000e+02 2.550000000000000000e+02 2.550000000000000000e+02 2.550000000000000000e+02 2.550000000000000000e+02 2.550000000000000000e+02 2.550000000000000000e+02 2.550000000000000000e+02 2.550000000000000000e+02 2.550000000000000000e+02 2.550000000000000000e+02 2.550000000000000000e+02 2.550000000000000000e+02 2.550000000000000000e+02 2.550000000000000000e+02 3.000000000000000000e+00 4.000000000000000000e+00 3.000000000000000000e+00 4.000000000000000000e+00 4.000000000000000000e+00 4.000000000000000000e+00 4.000000000000000000e+00 4.000000000000000000e+00 4.000000000000000000e+00 4.000000000000000000e+00 4.000000000000000000e+00 4.000000000000000000e+00 3.000000000000000000e+00 4.000000000000000000e+00 4.000000000000000000e+00 3.000000000000000000e+00 4.000000000000000000e+00 3.000000000000000000e+00 2.000000000000000000e+00 3.000000000000000000e+00 4.000000000000000000e+00 3.000000000000000000e+00 3.000000000000000000e+00 3.000000000000000000e+00 4.000000000000000000e+00 4.000000000000000000e+00 4.000000000000000000e+00 4.000000000000000000e+00 4.000000000000000000e+00 3.000000000000000000e+00 4.000000000000000000e+00 4.000000000000000000e+00 4.000000000000000000e+00 3.000000000000000000e+00 3.000000000000000000e+00 4.000000000000000000e+00 2.000000000000000000e+00 2.000000000000000000e+00 3.000000000000000000e+00 3.000000000000000000e+00 2.000000000000000000e+00 2.000000000000000000e+00 2.000000000000000000e+00 2.000000000000000000e+00 2.000000000000000000e+00 3.000000000000000000e+00 2.000000000000000000e+00 2.000000000000000000e+00 1.000000000000000000e+00 2.000000000000000000e+00 2.550000000000000000e+02 2.550000000000000000e+02 2.550000000000000000e+02 2.550000000000000000e+02 2.550000000000000000e+02 2.550000000000000000e+02 2.550000000000000000e+02 2.550000000000000000e+02 2.550000000000000000e+02 2.550000000000000000e+02 2.550000000000000000e+02 2.550000000000000000e+02 2.550000000000000000e+02 2.550000000000000000e+02 2.550000000000000000e+02 2.550000000000000000e+02 2.550000000000000000e+02 2.550000000000000000e+02
2.550000000000000000e+02 2.550000000000000000e+02 2.550000000000000000e+02 2.550000000000000000e+02 2.550000000000000000e+02 2.550000000000000000e+02 2.550000000000000000e+02 2.550000000000000000e+02 2.550000000000000000e+02 2.550000000000000000e+02 2.550000000000000000e+02 2.550000000000000000e+02 2.550000000000000000e+02 2.550000000000000000e+02 2.550000000000000000e+02 2.550000000000000000e+02 2.550000000000000000e+02 2.550000000000000000e+02 2.550000000000000000e+02 2.550000000000000000e+02 2.550000000000000000e+02 2.550000000000000000e+02 2.550000000000000000e+02 2.550000000000000000e+02 2.550000000000000000e+02 2.550000000000000000e+02 2.550000000000000000e+02 2.550000000000000000e+02 2.550000000000000000e+02 2.550000000000000000e+02 2.550000000000000000e+02 2.550000000000000000e+02 2.550000000000000000e+02 2.550000000000000000e+02 2.550000000000000000e+02 2.550000000000000000e+02 2.550000000000000000e+02 2.550000000000000000e+02 3.000000000000000000e+00 3.000000000000000000e+00 3.000000000000000000e+00 4.000000000000000000e+00 4.000000000000000000e+00 4.000000000000000000e+00 4.000000000000000000e+00 4.000000000000000000e+00 4.000000000000000000e+00 4.000000000000000000e+00 4.000000000000000000e+00 4.000000000000000000e+00 3.000000000000000000e+00 4.000000000000000000e+00 4.000000000000000000e+00 3.000000000000000000e+00 3.000000000000000000e+00 4.000000000000000000e+00 3.000000000000000000e+00 4.000000000000000000e+00 3.000000000000000000e+00 3.000000000000000000e+00 3.000000000000000000e+00 2.000000000000000000e+00 3.000000000000000000e+00 4.000000000000000000e+00 4.000000000000000000e+00 4.000000000000000000e+00 4.000000000000000000e+00 3.000000000000000000e+00 3.000000000000000000e+00 4.000000000000000000e+00 4.000000000000000000e+00 3.000000000000000000e+00 2.000000000000000000e+00 4.000000000000000000e+00 2.000000000000000000e+00 2.000000000000000000e+00 3.000000000000000000e+00 3.000000000000000000e+00 2.000000000000000000e+00 2.000000000000000000e+00 2.000000000000000000e+00 2.000000000000000000e+00 2.000000000000000000e+00 2.000000000000000000e+00 2.000000000000000000e+00 1.000000000000000000e+00 2.000000000000000000e+00 2.550000000000000000e+02 2.550000000000000000e+02 2.550000000000000000e+02 2.550000000000000000e+02 2.550000000000000000e+02 2.550000000000000000e+02 2.550000000000000000e+02 2.550000000000000000e+02 2.550000000000000000e+02 2.550000000000000000e+02 2.550000000000000000e+02 2.550000000000000000e+02 2.550000000000000000e+02 2.550000000000000000e+02 2.550000000000000000e+02 2.550000000000000000e+02 2.550000000000000000e+02 2.550000000000000000e+02 2.550000000000000000e+02
2.550000000000000000e+02 2.550000000000000000e+02 2.550000000000000000e+02 2.550000000000000000e+02 2.550000000000000000e+02 2.550000000000000000e+02 2.550000000000000000e+02 2.550000000000000000e+02 2.550000000000000000e+02 2.550000000000000000e+02 2.550000000000000000e+02 2.550000000000000000e+02 2.550000000000000000e+02 2.550000000000000000e+02 2.550000000000000000e+02 2.550000000000000000e+02 2.550000000000000000e+02 2.550000000000000000e+02 2.550000000000000000e+02 2.550000000000000000e+02 2.550000000000000000e+02 2.550000000000000000e+02 2.550000000000000000e+02 2.550000000000000000e+02 2.550000000000000000e+02 2.550000000000000000e+02 2.550000000000000000e+02 2.550000000000000000e+02 2.550000000000000000e+02 2.550000000000000000e+02 2.550000000000000000e+02 2.550000000000000000e+02 2.550000000000000000e+02 2.550000000000000000e+02 2.550000000000000000e+02 2.550000000000000000e+02 4.000000000000000000e+00 4.000000000000000000e+00 3.000000000000000000e+00 3.000000000000000000e+00 3.000000000000000000e+00 3.000000000000000000e+00 3.000000000000000000e+00 3.000000000000000000e+00 3.000000000000000000e+00 3.000000000000000000e+00 2.000000000000000000e+00 3.000000000000000000e+00 3.000000000000000000e+00 4.000000000000000000e+00 3.000000000000000000e+00 2.000000000000000000e+00 3.000000000000000000e+00 3.000000000000000000e+00 2.000000000000000000e+00 3.000000000000000000e+00 4.000000000000000000e+00 4.000000000000000000e+00 3.000000000000000000e+00 3.000000000000000000e+00 3.000000000000000000e+00 3.000000000000000000e+00 3.000000000000000000e+00 3.000000000000000000e+00 3.000000000000000000e+00 4.000000000000000000e+00 3.000000000000000000e+00 4.000000000000000000e+00 4.000000000000000000e+00 4.000000000000000000e+00 4.000000000000000000e+00 3.000000000000000000e+00 2.000000000000000000e+00 3.000000000000000000e+00 3.000000000000000000e+00 3.000000000000000000e+00 2.000000000000000000e+00 2.000000000000000000e+00 3.000000000000000000e+00 3.000000000000000000e+00 3.000000000000000000e+00 3.000000000000000000e+00 3.000000000000000000e+00 2.000000000000000000e+00 2.000000000000000000e+00 2.000000000000000000e+00 2.000000000000000000e+00 2.550000000000000000e+02 2.550000000000000000e+02 2.550000000000000000e+02 2.550000000000000000e+02 2.550000000000000000e+02 2.550000000000000000e+02 2.550000000000000000e+02 2.550000000000000000e+02 2.550000000000000000e+02 2.550000000000000000e+02 2.550000000000000000e+02 2.550000000000000000e+02 2.550000000000000000e+02 2.550000000000000000e+02 2.550000000000000000e+02 2.550000000000000000e+02 2.550000000000000000e+02 2.550000000000000000e+02 2.550000000000000000e+02
2.550000000000000000e+02 2.550000000000000000e+02 2.550000000000000000e+02 2.550000000000000000e+02 2.550000000000000000e+02 2.550000000000000000e+02 2.550000000000000000e+02 2.550000000000000000e+02 2.550000000000000000e+02 2.550000000000000000e+02 2.550000000000000000e+02 2.550000000000000000e+02 2.550000000000000000e+02 2.550000000000000000e+02 2.550000000000000000e+02 2.550000000000000000e+02 2.550000000000000000e+02 2.550000000000000000e+02 2.550000000000000000e+02 2.550000000000000000e+02 2.550000000000000000e+02 2.550000000000000000e+02 2.550000000000000000e+02 2.550000000000000000e+02 2.550000000000000000e+02 2.550000000000000000e+02 2.550000000000000000e+02 2.550000000000000000e+02 2.550000000000000000e+02 2.550000000000000000e+02 2.550000000000000000e+02 2.550000000000000000e+02 2.550000000000000000e+02 2.550000000000000000e+02 4.000000000000000000e+00 4.000000000000000000e+00 4.000000000000000000e+00 4.000000000000000000e+00 3.000000000000000000e+00 3.000000000000000000e+00 4.000000000000000000e+00 4.000000000000000000e+00 3.000000000000000000e+00 3.000000000000000000e+00 3.000000000000000000e+00 3.000000000000000000e+00 2.000000000000000000e+00 3.000000000000000000e+00 3.000000000000000000e+00 4.000000000000000000e+00 3.000000000000000000e+00 2.000000000000000000e+00 3.000000000000000000e+00 3.000000000000000000e+00 2.000000000000000000e+00 3.000000000000000000e+00 4.000000000000000000e+00 4.000000000000000000e+00 3.000000000000000000e+00 3.000000000000000000e+00 3.000000000000000000e+00 3.000000000000000000e+00 3.000000000000000000e+00 3.000000000000000000e+00 3.000000000000000000e+00 4.000000000000000000e+00 3.000000000000000000e+00 4.000000000000000000e+00 4.000000000000000000e+00 4.000000000000000000e+00 4.000000000000000000e+00 3.000000000000000000e+00 2.000000000000000000e+00 3.000000000000000000e+00 3.000000000000000000e+00 3.000000000000000000e+00 2.000000000000000000e+00 2.000000000000000000e+00 3.000000000000000000e+00 3.000000000000000000e+00 3.000000000000000000e+00 3.000000000000000000e+00 3.000000000000000000e+00 2.000000000000000000e+00 2.000000000000000000e+00 2.000000000000000000e+00 2.000000000000000000e+00 2.550000000000000000e+02 2.550000000000000000e+02 2.550000000000000000e+02 2.550000000000000000e+02 2.550000000000000000e+02 2.550000000000000000e+02 2.550000000000000000e+02 2.550000000000000000e+02 2.550000000000000000e+02 2.550000000000000000e+02 2.550000000000000000e+02 2.550000000000000000e+02 2.550000000000000000e+02 2.550000000000000000e+02 2.550000000000000000e+02 2.550000000000000000e+02 2.550000000000000000e+02 2.550000000000000000e+02 2.550000000000000000e+02
2.550000000000000000e+02 2.550000000000000000e+02 2.550000000000000000e+02 2.550000000000000000e+02 2.550000000000000000e+02 2.550000000000000000e+02 2.550000000000000000e+02 2.550000000000000000e+02 2.550000000000000000e+02 2.550000000000000000e+02 2.550000000000000000e+02 2.550000000000000000e+02 2.550000000000000000e+02 2.550000000000000000e+02 2.550000000000000000e+02 2.550000000000000000e+02 2.550000000000000000e+02 2.550000000000000000e+02 2.550000000000000000e+02 2.550000000000000000e+02 2.550000000000000000e+02 2.550000000000000000e+02 2.550000000000000000e+02 2.550000000000000000e+02 2.550000000000000000e+02 2.550000000000000000e+02 2.550000000000000000e+02 2.550000000000000000e+02 2.550000000000000000e+02 2.550000000000000000e+02 2.550000000000000000e+02 2.550000000000000000e+02 4.000000000000000000e+00 4.000000000000000000e+00 4.000000000000000000e+00 4.000000000000000000e+00 4.000000000000000000e+00 4.000000000000000000e+00 3.000000000000000000e+00 3.000000000000000000e+00 4.000000000000000000e+00 4.000000000000000000e+00 4.000000000000000000e+00 4.000000000000000000e+00 4.000000000000000000e+00 4.000000000000000000e+00 3.000000000000000000e+00 3.000000000000000000e+00 3.000000000000000000e+00 4.000000000000000000e+00 3.000000000000000000e+00 4.000000000000000000e+00 4.000000000000000000e+00 3.000000000000000000e+00 3.000000000000000000e+00 3.000000000000000000e+00 4.000000000000000000e+00 4.000000000000000000e+00 4.000000000000000000e+00 3.000000000000000000e+00 3.000000000000000000e+00 3.000000000000000000e+00 3.000000000000000000e+00 3.000000000000000000e+00 3.000000000000000000e+00 4.000000000000000000e+00 4.000000000000000000e+00 4.000000000000000000e+00 3.000000000000000000e+00 4.000000000000000000e+00 4.000000000000000000e+00 3.000000000000000000e+00 3.000000000000000000e+00 2.000000000000000000e+00 2.000000000000000000e+00 3.000000000000000000e+00 3.000000000000000000e+00 3.000000000000000000e+00 3.000000000000000000e+00 2.000000000000000000e+00 2.000000000000000000e+00 4.000000000000000000e+00 3.000000000000000000e+00 3.000000000000000000e+00 2.000000000000000000e+00 2.000000000000000000e+00 2.000000000000000000e+00 2.550000000000000000e+02 2.550000000000000000e+02 2.550000000000000000e+02 2.550000000000000000e+02 2.550000000000000000e+02 2.550000000000000000e+02 2.550000000000000000e+02 2.550000000000000000e+02 2.550000000000000000e+02 2.550000000000000000e+02 2.550000000000000000e+02 2.550000000000000000e+02 2.550000000000000000e+02 2.550000000000000000e+02 2.550000000000000000e+02 2.550000000000000000e+02 2.550000000000000000e+02 2.550000000000000000e+02 2.550000000000000000e+02
2.550000000000000000e+02 2.550000000000000000e+02 2.550000000000000000e+02 2.550000000000000000e+02 2.550000000000000000e+02 2.550000000000000000e+02 2.550000000000000000e+02 2.550000000000000000e+02 2.550000000000000000e+02 2.550000000000000000e+02 2.550000000000000000e+02 2.550000000000000000e+02 2.550000000000000000e+02 2.550000000000000000e+02 2.550000000000000000e+02 2.550000000000000000e+02 2.550000000000000000e+02 2.550000000000000000e+02 2.550000000000000000e+02 2.550000000000000000e+02 2.550000000000000000e+02 2.550000000000000000e+02 2.550000000000000000e+02 2.550000000000000000e+02 2.550000000000000000e+02 2.550000000000000000e+02 2.550000000000000000e+02 2.550000000000000000e+02 2.550000000000000000e+02 2.550000000000000000e+02 2.550000000000000000e+02 2.550000000000000000e+02 4.000000000000000000e+00 3.000000000000000000e+00 3.000000000000000000e+00 4.000000000000000000e+00 3.000000000000000000e+00 4.000000000000000000e+00 4.000000000000000000e+00 4.000000000000000000e+00 4.000000000000000000e+00 3.000000000000000000e+00 3.000000000000000000e+00 4.000000000000000000e+00 4.000000000000000000e+00 4.000000000000000000e+00 4.000000000000000000e+00 4.000000000000000000e+00 4.000000000000000000e+00 4.000000000000000000e+00 4.000000000000000000e+00 4.000000000000000000e+00 4.000000000000000000e+00 3.000000000000000000e+00 3.000000000000000000e+00 3.000000000000000000e+00 4.000000000000000000e+00 4.000000000000000000e+00 4.000000000000000000e+00 3.000000000000000000e+00 2.000000000000000000e+00 3.000000000000000000e+00 3.000000000000000000e+00 2.000000000000000000e+00 3.000000000000000000e+00 3.000000000000000000e+00 3.000000000000000000e+00 4.000000000000000000e+00 2.000000000000000000e+00 2.000000000000000000e+00 3.000000000000000000e+00 4.000000000000000000e+00 3.000000000000000000e+00 3.000000000000000000e+00 3.000000000000000000e+00 2.000000000000000000e+00 3.000000000000000000e+00 4.000000000000000000e+00 3.000000000000000000e+00 4.000000000000000000e+00 4.000000000000000000e+00 3.000000000000000000e+00 3.000000000000000000e+00 2.000000000000000000e+00 2.000000000000000000e+00 2.000000000000000000e+00 2.550000000000000000e+02 2.550000000000000000e+02 2.550000000000000000e+02 2.550000000000000000e+02 2.550000000000000000e+02 2.550000000000000000e+02 2.550000000000000000e+02 2.550000000000000000e+02 2.550000000000000000e+02 2.550000000000000000e+02 2.550000000000000000e+02 2.550000000000000000e+02 2.550000000000000000e+02 2.550000000000000000e+02 2.550000000000000000e+02 2.550000000000000000e+02 2.550000000000000000e+02 2.550000000000000000e+02 2.550000000000000000e+02 2.550000000000000000e+02
2.550000000000000000e+02 2.550000000000000000e+02 2.550000000000000000e+02 2.550000000000000000e+02 2.550000000000000000e+02 2.550000000000000000e+02 2.550000000000000000e+02 2.550000000000000000e+02 2.550000000000000000e+02 2.550000000000000000e+02 2.550000000000000000e+02 2.550000000000000000e+02 2.550000000000000000e+02 2.550000000000000000e+02 2.550000000000000000e+02 2.550000000000000000e+02 2.550000000000000000e+02 2.550000000000000000e+02 2.550000000000000000e+02 2.550000000000000000e+02 2.550000000000000000e+02 2.550000000000000000e+02 2.550000000000000000e+02 2.550000000000000000e+02 2.550000000000000000e+02 2.550000000000000000e+02 2.550000000000000000e+02 2.550000000000000000e+02 2.550000000000000000e+02 2.550000000000000000e+02 2.550000000000000000e+02 2.550000000000000000e+02 4.000000000000000000e+00 3.000000000000000000e+00 3.000000000000000000e+00 3.000000000000000000e+00 4.000000000000000000e+00 4.000000000000000000e+00 4.000000000000000000e+00 4.000000000000000000e+00 4.000000000000000000e+00 3.000000000000000000e+00 3.000000000000000000e+00 3.000000000000000000e+00 3.000000000000000000e+00 4.000000000000000000e+00 3.000000000000000000e+00 3.000000000000000000e+00 4.000000000000000000e+00 4.000000000000000000e+00 3.000000000000000000e+00 3.000000000000000000e+00 4.000000000000000000e+00 4.000000000000000000e+00 3.000000000000000000e+00 3.000000000000000000e+00 3.000000000000000000e+00 4.000000000000000000e+00 4.000000000000000000e+00 3.000000000000000000e+00 3.000000000000000000e+00 3.000000000000000000e+00 3.000000000000000000e+00 4.000000000000000000e+00 4.000000000000000000e+00 4.000000000000000000e+00 4.000000000000000000e+00 4.000000000000000000e+00 3.000000000000000000e+00 3.000000000000000000e+00 3.000000000000000000e+00 3.000000000000000000e+00 3.000000000000000000e+00 3.000000000000000000e+00 3.000000000000000000e+00 3.000000000000000000e+00 2.000000000000000000e+00 3.000000000000000000e+00 3.000000000000000000e+00 3.000000000000000000e+00 3.000000000000000000e+00 4.000000000000000000e+00 3.000000000000000000e+00 3.000000000000000000e+00 3.000000000000000000e+00 3.000000000000000000e+00 2.550000000000000000e+02 2.550000000000000000e+02 2.550000000000000000e+02 2.550000000000000000e+02 2.550000000000000000e+02 2.550000000000000000e+02 2.550000000000000000e+02 2.550000000000000000e+02 2.550000000000000000e+02 2.550000000000000000e+02 2.550000000000000000e+02 2.550000000000000000e+02 2.550000000000000000e+02 2.550000000000000000e+02 2.550000000000000000e+02 2.550000000000000000e+02 2.550000000000000000e+02 2.550000000000000000e+02 2.550000000000000000e+02 2.550000000000000000e+02
2.550000000000000000e+02 2.550000000000000000e+02 2.550000000000000000e+02 2.550000000000000000e+02 2.550000000000000000e+02 2.550000000000000000e+02 2.550000000000000000e+02 2.550000000000000000e+02 2.550000000000000000e+02 2.550000000000000000e+02 2.550000000000000000e+02 2.550000000000000000e+02 2.550000000000000000e+02 2.550000000000000000e+02 2.550000000000000000e+02 2.550000000000000000e+02 2.550000000000000000e+02 2.550000000000000000e+02 2.550000000000000000e+02 2.550000000000000000e+02 2.550000000000000000e+02 2.550000000000000000e+02 2.550000000000000000e+02 2.550000000000000000e+02 2.550000000000000000e+02 2.550000000000000000e+02 2.550000000000000000e+02 2.550000000000000000e+02 2.550000000000000000e+02 2.550000000000000000e+02 2.550000000000000000e+02 2.550000000000000000e+02 3.000000000000000000e+00 4.000000000000000000e+00 3.000000000000000000e+00 4.000000000000000000e+00 4.000000000000000000e+00 3.000000000000000000e+00 4.000000000000000000e+00 4.000000000000000000e+00 4.000000000000000000e+00 4.000000000000000000e+00 4.000000000000000000e+00 4.000000000000000000e+00 4.000000000000000000e+00 4.000000000000000000e+00 4.000000000000000000e+00 4.000000000000000000e+00 4.000000000000000000e+00 4.000000000000000000e+00 4.000000000000000000e+00 3.000000000000000000e+00 4.000000000000000000e+00 4.000000000000000000e+00 4.000000000000000000e+00 3.000000000000000000e+00 2.000000000000000000e+00 2.000000000000000000e+00 2.000000000000000000e+00 2.000000000000000000e+00 2.000000000000000000e+00 2.000000000000000000e+00 3.000000000000000000e+00 4.000000000000000000e+00 4.000000000000000000e+00 4.000000000000000000e+00 4.000000000000000000e+00 4.000000000000000000e+00 4.000000000000000000e+00 3.000000000000000000e+00 3.000000000000000000e+00 3.000000000000000000e+00 3.000000000000000000e+00 3.000000000000000000e+00 3.000000000000000000e+00 3.000000000000000000e+00 3.000000000000000000e+00 3.000000000000000000e+00 3.000000000000000000e+00 3.000000000000000000e+00 3.000000000000000000e+00 3.000000000000000000e+00 3.000000000000000000e+00 4.000000000000000000e+00 3.000000000000000000e+00 3.000000000000000000e+00 3.000000000000000000e+00 3.000000000000000000e+00 3.000000000000000000e+00 2.550000000000000000e+02 2.550000000000000000e+02 2.550000000000000000e+02 2.550000000000000000e+02 2.550000000000000000e+02 2.550000000000000000e+02 2.550000000000000000e+02 2.550000000000000000e+02 2.550000000000000000e+02 2.550000000000000000e+02 2.550000000000000000e+02 2.550000000000000000e+02 2.550000000000000000e+02 2.550000000000000000e+02 2.550000000000000000e+02 2.550000000000000000e+02 2.550000000000000000e+02
2.550000000000000000e+02 2.550000000000000000e+02 2.550000000000000000e+02 2.550000000000000000e+02 2.550000000000000000e+02 2.550000000000000000e+02 2.550000000000000000e+02 2.550000000000000000e+02 2.550000000000000000e+02 2.550000000000000000e+02 2.550000000000000000e+02 2.550000000000000000e+02 2.550000000000000000e+02 2.550000000000000000e+02 2.550000000000000000e+02 2.550000000000000000e+02 2.550000000000000000e+02 2.550000000000000000e+02 2.550000000000000000e+02 2.550000000000000000e+02 2.550000000000000000e+02 2.550000000000000000e+02 2.550000000000000000e+02 2.550000000000000000e+02 2.550000000000000000e+02 2.550000000000000000e+02 2.550000000000000000e+02 2.550000000000000000e+02 2.550000000000000000e+02 2.550000000000000000e+02 2.550000000000000000e+02 2.550000000000000000e+02 4.000000000000000000e+00 4.000000000000000000e+00 4.000000000000000000e+00 4.000000000000000000e+00 4.000000000000000000e+00 4.000000000000000000e+00 4.000000000000000000e+00 4.000000000000000000e+00 4.000000000000000000e+00 4.000000000000000000e+00 4.000000000000000000e+00 4.000000000000000000e+00 4.000000000000000000e+00 4.000000000000000000e+00 4.000000000000000000e+00 4.000000000000000000e+00 4.000000000000000000e+00 3.000000000000000000e+00 4.000000000000000000e+00 4.000000000000000000e+00 4.000000000000000000e+00 4.000000000000000000e+00 4.000000000000000000e+00 4.000000000000000000e+00 3.000000000000000000e+00 3.000000000000000000e+00 2.000000000000000000e+00 2.000000000000000000e+00 2.000000000000000000e+00 2.000000000000000000e+00 4.000000000000000000e+00 4.000000000000000000e+00 4.000000000000000000e+00 4.000000000000000000e+00 4.000000000000000000e+00 4.000000000000000000e+00 4.000000000000000000e+00 3.000000000000000000e+00 2.000000000000000000e+00 4.000000000000000000e+00 3.000000000000000000e+00 4.000000000000000000e+00 3.000000000000000000e+00 3.000000000000000000e+00 3.000000000000000000e+00 3.000000000000000000e+00 2.000000000000000000e+00 3.000000000000000000e+00 3.000000000000000000e+00 3.000000000000000000e+00 3.000000000000000000e+00 4.000000000000000000e+00 2.000000000000000000e+00 8.000000000000000000e+00 3.000000000000000000e+00 3.000000000000000000e+00 3.000000000000000000e+00 2.550000000000000000e+02 2.550000000000000000e+02 2.550000000000000000e+02 2.550000000000000000e+02 2.550000000000000000e+02 2.550000000000000000e+02 2.550000000000000000e+02 2.550000000000000000e+02 2.550000000000000000e+02 2.550000000000000000e+02 2.550000000000000000e+02 2.550000000000000000e+02 2.550000000000000000e+02 2.550000000000000000e+02 2.550000000000000000e+02 2.550000000000000000e+02 2.550000000000000000e+02
2.550000000000000000e+02 2.550000000000000000e+02 2.550000000000000000e+02 2.550000000000000000e+02 2.550000000000000000e+02 2.550000000000000000e+02 2.550000000000000000e+02 2.550000000000000000e+02 2.550000000000000000e+02 2.550000000000000000e+02 2.550000000000000000e+02 2.550000000000000000e+02 2.550000000000000000e+02 2.550000000000000000e+02 2.550000000000000000e+02 2.550000000000000000e+02 2.550000000000000000e+02 2.550000000000000000e+02 2.550000000000000000e+02 2.550000000000000000e+02 2.550000000000000000e+02 2.550000000000000000e+02 2.550000000000000000e+02 2.550000000000000000e+02 2.550000000000000000e+02 2.550000000000000000e+02 2.550000000000000000e+02 2.550000000000000000e+02 2.550000000000000000e+02 2.550000000000000000e+02 2.550000000000000000e+02 2.550000000000000000e+02 4.000000000000000000e+00 4.000000000000000000e+00 4.000000000000000000e+00 4.000000000000000000e+00 4.000000000000000000e+00 4.000000000000000000e+00 4.000000000000000000e+00 4.000000000000000000e+00 4.000000000000000000e+00 4.000000000000000000e+00 4.000000000000000000e+00 4.000000000000000000e+00 4.000000000000000000e+00 4.000000000000000000e+00 4.000000000000000000e+00 4.000000000000000000e+00 4.000000000000000000e+00 3.000000000000000000e+00 4.000000000000000000e+00 4.000000000000000000e+00 4.000000000000000000e+00 4.000000000000000000e+00 4.000000000000000000e+00 4.000000000000000000e+00 2.000000000000000000e+00 4.000000000000000000e+00 3.000000000000000000e+00 2.000000000000000000e+00 2.000000000000000000e+00 3.000000000000000000e+00 4.000000000000000000e+00 4.000000000000000000e+00 4.000000000000000000e+00 3.000000000000000000e+00 4.000000000000000000e+00 3.000000000000000000e+00 3.000000000000000000e+00 4.000000000000000000e+00 4.000000000000000000e+00 4.000000000000000000e+00 4.000000000000000000e+00 4.000000000000000000e+00 4.000000000000000000e+00 3.000000000000000000e+00 3.000000000000000000e+00 3.000000000000000000e+00 3.000000000000000000e+00 2.000000000000000000e+00 3.000000000000000000e+00 3.000000000000000000e+00 3.000000000000000000e+00 4.000000000000000000e+00 3.000000000000000000e+00 8.000000000000000000e+00 3.000000000000000000e+00 3.000000000000000000e+00 3.000000000000000000e+00 3.000000000000000000e+00 2.550000000000000000e+02 2.550000000000000000e+02 2.550000000000000000e+02 2.550000000000000000e+02 2.550000000000000000e+02 2.550000000000000000e+02 2.550000000000000000e+02 2.550000000000000000e+02 2.550000000000000000e+02 2.550000000000000000e+02 2.550000000000000000e+02 2.550000000000000000e+02 2.550000000000000000e+02 2.550000000000000000e+02 2.550000000000000000e+02 2.550000000000000000e+02
2.550000000000000000e+02 2.550000000000000000e+02 2.550000000000000000e+02 2.550000000000000000e+02 2.550000000000000000e+02 2.550000000000000000e+02 2.550000000000000000e+02 2.550000000000000000e+02 2.550000000000000000e+02 2.550000000000000000e+02 2.550000000000000000e+02 2.550000000000000000e+02 2.550000000000000000e+02 2.550000000000000000e+02 2.550000000000000000e+02 2.550000000000000000e+02 2.550000000000000000e+02 2.550000000000000000e+02 2.550000000000000000e+02 2.550000000000000000e+02 2.550000000000000000e+02 2.550000000000000000e+02 2.550000000000000000e+02 2.550000000000000000e+02 2.550000000000000000e+02 2.550000000000000000e+02 2.550000000000000000e+02 2.550000000000000000e+02 2.550000000000000000e+02 2.550000000000000000e+02 2.550000000000000000e+02 4.000000000000000000e+00 4.000000000000000000e+00 4.000000000000000000e+00 4.000000000000000000e+00 4.000000000000000000e+00 4.000000000000000000e+00 4.000000000000000000e+00 4.000000000000000000e+00 4.000000000000000000e+00 4.000000000000000000e+00 4.000000000000000000e+00 4.000000000000000000e+00 4.000000000000000000e+00 4.000000000000000000e+00 4.000000000000000000e+00 4.000000000000000000e+00 4.000000000000000000e+00 4.000000000000000000e+00 4.000000000000000000e+00 4.000000000000000000e+00 4.000000000000000000e+00 4.000000000000000000e+00 4.000000000000000000e+00 4.000000000000000000e+00 4.000000000000000000e+00 4.000000000000000000e+00 4.000000000000000000e+00 4.000000000000000000e+00 4.000000000000000000e+00 4.000000000000000000e+00 3.000000000000000000e+00 3.000000000000000000e+00 3.000000000000000000e+00 4.000000000000000000e+00 4.000000000000000000e+00 4.000000000000000000e+00 3.000000000000000000e+00 4.000000000000000000e+00 4.000000000000000000e+00 3.000000000000000000e+00 3.000000000000000000e+00 4.000000000000000000e+00 3.000000000000000000e+00 3.000000000000000000e+00 3.000000000000000000e+00 4.000000000000000000e+00 4.000000000000000000e+00 3.000000000000000000e+00 3.000000000000000000e+00 3.000000000000000000e+00 3.000000000000000000e+00 4.000000000000000000e+00 3.000000000000000000e+00 3.000000000000000000e+00 8.000000000000000000e+00 3.000000000000000000e+00 3.000000000000000000e+00 3.000000000000000000e+00 4.000000000000000000e+00 2.550000000000000000e+02 2.550000000000000000e+02 2.550000000000000000e+02 2.550000000000000000e+02 2.550000000000000000e+02 2.550000000000000000e+02 2.550000000000000000e+02 2.550000000000000000e+02 2.550000000000000000e+02 2.550000000000000000e+02 2.550000000000000000e+02 2.550000000000000000e+02 2.550000000000000000e+02 2.550000000000000000e+02 2.550000000000000000e+02 2.550000000000000000e+02
2.550000000000000000e+02 2.550000000000000000e+02 2.550000000000000000e+02 2.550000000000000000e+02 2.550000000000000000e+02 2.550000000000000000e+02 2.550000000000000000e+02 2.550000000000000000e+02 2.550000000000000000e+02 2.550000000000000000e+02 2.550000000000000000e+02 2.550000000000000000e+02 2.550000000000000000e+02 2.550000000000000000e+02 2.550000000000000000e+02 2.550000000000000000e+02 2.550000000000000000e+02 2.550000000000000000e+02 2.550000000000000000e+02 2.550000000000000000e+02 2.550000000000000000e+02 2.550000000000000000e+02 2.550000000000000000e+02 2.550000000000000000e+02 2.550000000000000000e+02 2.550000000000000000e+02 2.550000000000000000e+02 2.550000000000000000e+02 2.550000000000000000e+02 2.550000000000000000e+02 2.550000000000000000e+02 2.550000000000000000e+02 4.000000000000000000e+00 4.000000000000000000e+00 4.000000000000000000e+00 4.000000000000000000e+00 4.000000000000000000e+00 4.000000000000000000e+00 4.000000000000000000e+00 4.000000000000000000e+00 4.000000000000000000e+00 4.000000000000000000e+00 4.000000000000000000e+00 4.000000000000000000e+00 4.000000000000000000e+00 4.000000000000000000e+00 4.000000000000000000e+00 3.000000000000000000e+00 4.000000000000000000e+00 3.000000000000000000e+00 2.000000000000000000e+00 3.000000000000000000e+00 3.000000000000000000e+00 3.000000000000000000e+00 3.000000000000000000e+00 2.000000000000000000e+00 4.000000000000000000e+00 4.000000000000000000e+00 3.000000000000000000e+00 4.000000000000000000e+00 4.000000000000000000e+00 3.000000000000000000e+00 4.000000000000000000e+00 4.000000000000000000e+00 4.000000000000000000e+00 4.000000000000000000e+00 3.000000000000000000e+00 4.000000000000000000e+00 3.000000000000000000e+00 3.000000000000000000e+00 3.000000000000000000e+00 3.000000000000000000e+00 3.000000000000000000e+00 3.000000000000000000e+00 4.000000000000000000e+00 3.000000000000000000e+00 4.000000000000000000e+00 3.000000000000000000e+00 3.000000000000000000e+00 3.000000000000000000e+00 3.000000000000000000e+00 3.000000000000000000e+00 4.000000000000000000e+00 3.000000000000000000e+00 8.000000000000000000e+00 3.000000000000000000e+00 2.000000000000000000e+00 3.000000000000000000e+00 3.000000000000000000e+00 3.000000000000000000e+00 3.000000000000000000e+00 5.000000000000000000e+00 3.000000000000000000e+00 2.550000000000000000e+02 2.550000000000000000e+02 2.550000000000000000e+02 2.550000000000000000e+02 2.550000000000000000e+02 2.550000000000000000e+02 2.550000000000000000e+02 2.550000000000000000e+02 2.550000000000000000e+02 2.550000000000000000e+02 2.550000000000000000e+02 2.550000000000000000e+02 2.550000000000000000e+02
2.550000000000000000e+02 2.550000000000000000e+02 2.550000000000000000e+02 2.550000000000000000e+02 2.550000000000000000e+02 2.550000000000000000e+02 2.550000000000000000e+02 2.550000000000000000e+02 2.550000000000000000e+02 2.550000000000000000e+02 2.550000000000000000e+02 2.550000000000000000e+02 2.550000000000000000e+02 2.550000000000000000e+02 2.550000000000000000e+02 2.550000000000000000e+02 2.550000000000000000e+02 2.550000000000000000e+02 2.550000000000000000e+02 2.550000000000000000e+02 2.550000000000000000e+02 2.550000000000000000e+02 2.550000000000000000e+02 2.550000000000000000e+02 2.550000000000000000e+02 2.550000000000000000e+02 2.550000000000000000e+02 2.550000000000000000e+02 2.550000000000000000e+02 2.550000000000000000e+02 2.550000000000000000e+02 2.550000000000000000e+02 2.550000000000000000e+02 4.000000000000000000e+00 4.000000000000000000e+00 4.000000000000000000e+00 4.000000000000000000e+00 4.000000000000000000e+00 4.000000000000000000e+00 4.000000000000000000e+00 4.000000000000000000e+00 3.000000000000000000e+00 3.000000000000000000e+00 3.000000000000000000e+00 4.000000000000000000e+00 4.000000000000000000e+00 4.000000000000000000e+00 4.000000000000000000e+00 4.000000000000000000e+00 3.000000000000000000e+00 2.000000000000000000e+00 2.000000000000000000e+00 2.000000000000000000e+00 2.000000000000000000e+00 3.000000000000000000e+00 3.000000000000000000e+00 4.000000000000000000e+00 4.000000000000000000e+00 4.000000000000000000e+00 3.000000000000000000e+00 3.000000000000000000e+00 3.000000000000000000e+00 3.000000000000000000e+00 3.000000000000000000e+00 3.000000000000000000e+00 4.000000000000000000e+00 4.000000000000000000e+00 4.000000000000000000e+00 4.000000000000000000e+00 4.000000000000000000e+00 4.000000000000000000e+00 4.000000000000000000e+00 3.000000000000000000e+00 4.000000000000000000e+00 4.000000000000000000e+00 4.000000000000000000e+00 3.000000000000000000e+00 3.000000000000000000e+00 3.000000000000000000e+00 3.000000000000000000e+00 3.000000000000000000e+00 3.000000000000000000e+00 4.000000000000000000e+00 4.000000000000000000e+00 8.000000000000000000e+00 2.000000000000000000e+00 3.000000000000000000e+00 2.000000000000000000e+00 3.000000000000000000e+00 3.000000000000000000e+00 3.000000000000000000e+00 5.000000000000000000e+00 2.000000000000000000e+00 2.550000000000000000e+02 2.550000000000000000e+02 2.550000000000000000e+02 2.550000000000000000e+02 2.550000000000000000e+02 2.550000000000000000e+02 2.550000000000000000e+02 2.550000000000000000e+02 2.550000000000000000e+02 2.550000000000000000e+02 2.550000000000000000e+02 2.550000000000000000e+02 2.550000000000000000e+02
2.550000000000000000e+02 2.550000000000000000e+02 2.550000000000000000e+02 2.550000000000000000e+02 2.550000000000000000e+02 2.550000000000000000e+02 2.550000000000000000e+02 2.550000000000000000e+02 2.550000000000000000e+02 2.550000000000000000e+02 2.550000000000000000e+02 2.550000000000000000e+02 2.550000000000000000e+02 2.550000000000000000e+02 2.550000000000000000e+02 2.550000000000000000e+02 2.550000000000000000e+02 2.550000000000000000e+02 2.550000000000000000e+02 2.550000000000000000e+02 2.550000000000000000e+02 2.550000000000000000e+02 2.550000000000000000e+02 2.550000000000000000e+02 2.550000000000000000e+02 2.550000000000000000e+02 2.550000000000000000e+02 2.550000000000000000e+02 2.550000000000000000e+02 2.550000000000000000e+02 2.550000000000000000e+02 2.550000000000000000e+02 2.550000000000000000e+02 4.000000000000000000e+00 4.000000000000000000e+00 4.000000000000000000e+00 4.000000000000000000e+00 4.000000000000000000e+00 4.000000000000000000e+00 4.000000000000000000e+00 4.000000000000000000e+00 4.000000000000000000e+00 4.000000000000000000e+00 4.000000000000000000e+00 4.000000000000000000e+00 4.000000000000000000e+00 4.000000000000000000e+00 4.000000000000000000e+00 4.000000000000000000e+00 4.000000000000000000e+00 4.000000000000000000e+00 4.000000000000000000e+00 4.000000000000000000e+00 4.000000000000000000e+00 4.000000000000000000e+00 4.000000000000000000e+00 4.000000000000000000e+00 4.000000000000000000e+00 3.000000000000000000e+00 3.000000000000000000e+00 3.000000000000000000e+00 4.000000000000000000e+00 3.000000000000000000e+00 4.000000000000000000e+00 4.000000000000000000e+00 3.000000000000000000e+00 4.000000000000000000e+00 3.000000000000000000e+00 3.000000000000000000e+00 3.000000000000000000e+00 3.000000000000000000e+00 4.000000000000000000e+00 4.000000000000000000e+00 4.000000000000000000e+00 4.000000000000000000e+00 4.000000000000000000e+00 4.000000000000000000e+00 4.000000000000000000e+00 4.000000000000000000e+00 4.000000000000000000e+00 4.000000000000000000e+00 3.000000000000000000e+00 2.000000000000000000e+00 2.000000000000000000e+00 8.000000000000000000e+00 2.000000000000000000e+00 2.000000000000000000e+00 3.000000000000000000e+00 3.000000000000000000e+00 3.000000000000000000e+00 2.000000000000000000e+00 5.000000000000000000e+00 2.000000000000000000e+00 2.000000000000000000e+00 2.000000000000000000e+00 2.550000000000000000e+02 2.550000000000000000e+02 2.550000000000000000e+02 2.550000000000000000e+02 2.550000000000000000e+02 2.550000000000000000e+02 2.550000000000000000e+02 2.550000000000000000e+02 2.550000000000000000e+02 2.550000000000000000e+02 2.550000000000000000e+02
2.550000000000000000e+02 2.550000000000000000e+02 2.550000000000000000e+02 2.550000000000000000e+02 2.550000000000000000e+02 2.550000000000000000e+02 2.550000000000000000e+02 2.550000000000000000e+02 2.550000000000000000e+02 2.550000000000000000e+02 2.550000000000000000e+02 2.550000000000000000e+02 2.550000000000000000e+02 2.550000000000000000e+02 2.550000000000000000e+02 2.550000000000000000e+02 2.550000000000000000e+02 2.550000000000000000e+02 2.550000000000000000e+02 2.550000000000000000e+02 2.550000000000000000e+02 2.550000000000000000e+02 2.550000000000000000e+02 2.550000000000000000e+02 2.550000000000000000e+02 2.550000000000000000e+02 2.550000000000000000e+02 2.550000000000000000e+02 2.550000000000000000e+02 2.550000000000000000e+02 2.550000000000000000e+02 2.550000000000000000e+02 2.550000000000000000e+02 4.000000000000000000e+00 4.000000000000000000e+00 3.000000000000000000e+00 4.000000000000000000e+00 4.000000000000000000e+00 4.000000000000000000e+00 4.000000000000000000e+00 4.000000000000000000e+00 4.000000000000000000e+00 4.000000000000000000e+00 4.000000000000000000e+00 3.000000000000000000e+00 3.000000000000000000e+00 3.000000000000000000e+00 4.000000000000000000e+00 4.000000000000000000e+00 4.000000000000000000e+00 4.000000000000000000e+00 4.000000000000000000e+00 4.000000000000000000e+00 4.000000000000000000e+00 4.000000000000000000e+00 4.000000000000000000e+00 4.000000000000000000e+00 4.000000000000000000e+00 3.000000000000000000e+00 4.000000000000000000e+00 4.000000000000000000e+00 3.000000000000000000e+00 4.000000000000000000e+00 3.000000000000000000e+00 4.000000000000000000e+00 3.000000000000000000e+00 4.000000000000000000e+00 3.000000000000000000e+00 3.000000000000000000e+00 3.000000000000000000e+00 3.000000000000000000e+00 4.000000000000000000e+00 4.000000000000000000e+00 4.000000000000000000e+00 4.000000000000000000e+00 4.000000000000000000e+00 4.000000000000000000e+00 4.000000000000000000e+00 4.000000000000000000e+00 4.000000000000000000e+00 4.000000000000000000e+00 3.000000000000000000e+00 2.000000000000000000e+00 2.000000000000000000e+00 8.000000000000000000e+00 2.000000000000000000e+00 2.000000000000000000e+00 2.000000000000000000e+00 2.000000000000000000e+00 3.000000000000000000e+00 2.000000000000000000e+00 5.000000000000000000e+00 2.000000000000000000e+00 2.000000000000000000e+00 2.000000000000000000e+00 2.550000000000000000e+02 2.550000000000000000e+02 2.550000000000000000e+02 2.550000000000000000e+02 2.550000000000000000e+02 2.550000000000000000e+02 2.550000000000000000e+02 2.550000000000000000e+02 2.550000000000000000e+02 2.550000000000000000e+02 2.550000000000000000e+02
2.550000000000000000e+02 2.550000000000000000e+02 2.550000000000000000e+02 2.550000000000000000e+02 2.550000000000000000e+02 2.550000000000000000e+02 2.550000000000000000e+02 2.550000000000000000e+02 2.550000000000000000e+02 2.550000000000000000e+02 2.550000000000000000e+02 2.550000000000000000e+02 2.550000000000000000e+02 2.550000000000000000e+02 2.550000000000000000e+02 2.550000000000000000e+02 2.550000000000000000e+02 2.550000000000000000e+02 2.550000000000000000e+02 2.550000000000000000e+02 2.550000000000000000e+02 2.550000000000000000e+02 2.550000000000000000e+02 2.550000000000000000e+02 2.550000000000000000e+02 2.550000000000000000e+02 2.550000000000000000e+02 2.550000000000000000e+02 2.550000000000000000e+02 2.550000000000000000e+02 2.550000000000000000e+02 2.550000000000000000e+02 2.550000000000000000e+02 4.000000000000000000e+00 4.000000000000000000e+00 4.000000000000000000e+00 4.000000000000000000e+00 3.000000000000000000e+00 4.000000000000000000e+00 4.000000000000000000e+00 3.000000000000000000e+00 3.000000000000000000e+00 3.000000000000000000e+00 3.000000000000000000e+00 3.000000000000000000e+00 3.000000000000000000e+00 3.000000000000000000e+00 4.000000000000000000e+00 3.000000000000000000e+00 4.000000000000000000e+00 3.000000000000000000e+00 3.000000000000000000e+00 3.000000000000000000e+00 3.000000000000000000e+00 3.000000000000000000e+00 4.000000000000000000e+00 4.000000000000000000e+00 4.000000000000000000e+00 4.000000000000000000e+00 4.000000000000000000e+00 4.000000000000000000e+00 3.000000000000000000e+00 4.000000000000000000e+00 3.000000000000000000e+00 4.000000000000000000e+00 4.000000000000000000e+00 4.000000000000000000e+00 4.000000000000000000e+00 4.000000000000000000e+00 3.000000000000000000e+00 3.000000000000000000e+00 4.000000000000000000e+00 4.000000000000000000e+00 2.000000000000000000e+00 3.000000000000000000e+00 3.000000000000000000e+00 4.000000000000000000e+00 4.000000000000000000e+00 4.000000000000000000e+00 4.000000000000000000e+00 4.000000000000000000e+00 4.000000000000000000e+00 3.000000000000000000e+00 3.000000000000000000e+00 8.000000000000000000e+00 2.000000000000000000e+00 2.000000000000000000e+00 2.000000000000000000e+00 2.000000000000000000e+00 2.000000000000000000e+00 2.000000000000000000e+00 5.000000000000000000e+00 2.000000000000000000e+00 3.000000000000000000e+00 3.000000000000000000e+00 2.550000000000000000e+02 2.550000000000000000e+02 2.550000000000000000e+02 2.550000000000000000e+02 2.550000000000000000e+02 2.550000000000000000e+02 2.550000000000000000e+02 2.550000000000000000e+02 2.550000000000000000e+02 2.550000000000000000e+02 2.550000000000000000e+02
2.550000000000000000e+02 2.550000000000000000e+02 2.550000000000000000e+02 2.550000000000000000e+02 2.550000000000000000e+02 2.550000000000000000e+02 2.550000000000000000e+02 2.550000000000000000e+02 2.550000000000000000e+02 2.550000000000000000e+02 2.550000000000000000e+02 2.550000000000000000e+02 2.550000000000000000e+02 2.550000000000000000e+02 2.550000000000000000e+02 2.550000000000000000e+02 2.550000000000000000e+02 2.550000000000000000e+02 2.550000000000000000e+02 2.550000000000000000e+02 2.550000000000000000e+02 2.550000000000000000e+02 2.550000000000000000e+02 2.550000000000000000e+02 2.550000000000000000e+02 2.550000000000000000e+02 2.550000000000000000e+02 2.550000000000000000e+02 2.550000000000000000e+02 2.550000000000000000e+02 2.550000000000000000e+02 2.550000000000000000e+02 4.000000000000000000e+00 4.000000000000000000e+00 4.000000000000000000e+00 4.000000000000000000e+00 4.000000000000000000e+00 4.000000000000000000e+00 4.000000000000000000e+00 4.000000000000000000e+00 3.000000000000000000e+00 3.000000000000000000e+00 3.000000000000000000e+00 3.000000000000000000e+00 3.000000000000000000e+00 3.000000000000000000e+00 2.000000000000000000e+00 2.000000000000000000e+00 3.000000000000000000e+00 3.000000000000000000e+00 3.000000000000000000e+00 2.000000000000000000e+00 3.000000000000000000e+00 2.000000000000000000e+00 3.000000000000000000e+00 3.000000000000000000e+00 4.000000000000000000e+00 3.000000000000000000e+00 3.000000000000000000e+00 3.000000000000000000e+00 3.000000000000000000e+00 3.000000000000000000e+00 4.000000000000000000e+00 3.000000000000000000e+00 4.000000000000000000e+00 3.000000000000000000e+00 4.000000000000000000e+00 4.000000000000000000e+00 4.000000000000000000e+00 4.000000000000000000e+00 4.000000000000000000e+00 4.000000000000000000e+00 4.000000000000000000e+00 4.000000000000000000e+00 3.000000000000000000e+00 3.000000000000000000e+00 3.000000000000000000e+00 3.000000000000000000e+00 3.000000000000000000e+00 3.000000000000000000e+00 3.000000000000000000e+00 4.000000000000000000e+00 4.000000000000000000e+00 3.000000000000000000e+00 2.000000000000000000e+00 2.000000000000000000e+00 2.000000000000000000e+00 2.000000000000000000e+00 2.000000000000000000e+00 2.000000000000000000e+00 2.000000000000000000e+00 5.000000000000000000e+00 2.000000000000000000e+00 2.000000000000000000e+00 3.000000000000000000e+00 3.000000000000000000e+00 2.550000000000000000e+02 2.550000000000000000e+02 2.550000000000000000e+02 2.550000000000000000e+02 2.550000000000000000e+02 2.550000000000000000e+02 2.550000000000000000e+02 2.550000000000000000e+02 2.550000000000000000e+02 2.550000000000000000e+02
2.550000000000000000e+02 2.550000000000000000e+02 2.550000000000000000e+02 2.550000000000000000e+02 2.550000000000000000e+02 2.550000000000000000e+02 2.550000000000000000e+02 2.550000000000000000e+02 2.550000000000000000e+02 2.550000000000000000e+02 2.550000000000000000e+02 2.550000000000000000e+02 2.550000000000000000e+02 2.550000000000000000e+02 2.550000000000000000e+02 2.550000000000000000e+02 2.550000000000000000e+02 2.550000000000000000e+02 2.550000000000000000e+02 2.550000000000000000e+02 2.550000000000000000e+02 2.550000000000000000e+02 2.550000000000000000e+02 2.550000000000000000e+02 2.550000000000000000e+02 2.550000000000000000e+02 2.550000000000000000e+02 2.550000000000000000e+02 2.550000000000000000e+02 2.550000000000000000e+02 2.550000000000000000e+02 2.550000000000000000e+02 4.000000000000000000e+00 4.000000000000000000e+00 4.000000000000000000e+00 4.000000000000000000e+00 4.000000000000000000e+00 3.000000000000000000e+00 3.000000000000000000e+00 3.000000000000000000e+00 3.000000000000000000e+00 2.000000000000000000e+00 2.000000000000000000e+00 3.000000000000000000e+00 3.000000000000000000e+00 3.000000000000000000e+00 2.000000000000000000e+00 2.000000000000000000e+00 3.000000000000000000e+00 3.000000000000000000e+00 3.000000000000000000e+00 2.000000000000000000e+00 3.000000000000000000e+00 2.000000000000000000e+00 3.000000000000000000e+00 3.000000000000000000e+00 4.000000000000000000e+00 3.000000000000000000e+00 3.000000000000000000e+00 2.000000000000000000e+00 2.000000000000000000e+00 2.000000000000000000e+00 3.000000000000000000e+00 3.000000000000000000e+00 4.000000000000000000e+00 3.000000000000000000e+00 3.000000000000000000e+00 3.000000000000000000e+00 4.000000000000000000e+00 4.000000000000000000e+00 4.000000000000000000e+00 3.000000000000000000e+00 3.000000000000000000e+00 3.000000000000000000e+00 7.000000000000000000e+00 7.000000000000000000e+00 7.000000000000000000e+00 7.000000000000000000e+00 7.000000000000000000e+00 7.000000000000000000e+00 2.000000000000000000e+00 3.000000000000000000e+00 3.000000000000000000e+00 4.000000000000000000e+00 3.000000000000000000e+00 2.000000000000000000e+00 2.000000000000000000e+00 2.000000000000000000e+00 2.000000000000000000e+00 2.000000000000000000e+00 2.000000000000000000e+00 5.000000000000000000e+00 2.000000000000000000e+00 2.000000000000000000e+00 3.000000000000000000e+00 3.000000000000000000e+00 2.550000000000000000e+02 2.550000000000000000e+02 2.550000000000000000e+02 2.550000000000000000e+02 2.550000000000000000e+02 2.550000000000000000e+02 2.550000000000000000e+02 2.550000000000000000e+02 2.550000000000000000e+02 2.550000000000000000e+02
2.550000000000000000e+02 2.550000000000000000e+02 2.550000000000000000e+02 2.550000000000000000e+02 2.550000000000000000e+02 2.550000000000000000e+02 2.550000000000000000e+02 2.550000000000000000e+02 2.550000000000000000e+02 2.550000000000000000e+02 2.550000000000000000e+02 2.550000000000000000e+02 2.550000000000000000e+02 2.550000000000000000e+02 2.550000000000000000e+02 2.550000000000000000e+02 2.550000000000000000e+02 2.550000000000000000e+02 2.550000000000000000e+02 2.550000000000000000e+02 2.550000000000000000e+02 2.550000000000000000e+02 2.550000000000000000e+02 2.550000000000000000e+02 2.550000000000000000e+02 2.550000000000000000e+02 2.550000000000000000e+02 2.550000000000000000e+02 2.550000000000000000e+02 2.550000000000000000e+02 2.550000000000000000e+02 4.000000000000000000e+00 4.000000000000000000e+00 4.000000000000000000e+00 4.000000000000000000e+00 4.000000000000000000e+00 4.000000000000000000e+00 4.000000000000000000e+00 4.000000000000000000e+00 3.000000000000000000e+00 3.000000000000000000e+00 3.000000000000000000e+00 3.000000000000000000e+00 3.000000000000000000e+00 3.000000000000000000e+00 3.000000000000000000e+00 2.000000000000000000e+00 2.000000000000000000e+00 3.000000000000000000e+00 3.000000000000000000e+00 3.000000000000000000e+00 2.000000000000000000e+00 2.000000000000000000e+00 3.000000000000000000e+00 4.000000000000000000e+00 3.000000000000000000e+00 2.000000000000000000e+00 2.000000000000000000e+00 3.000000000000000000e+00 3.000000000000000000e+00 3.000000000000000000e+00 3.000000000000000000e+00 3.000000000000000000e+00 3.000000000000000000e+00 4.000000000000000000e+00 3.000000000000000000e+00 3.000000000000000000e+00 3.000000000000000000e+00 3.000000000000000000e+00 4.000000000000000000e+00 4.000000000000000000e+00 3.000000000000000000e+00 3.000000000000000000e+00 3.000000000000000000e+00 7.000000000000000000e+00 7.000000000000000000e+00 7.000000000000000000e+00 7.000000000000000000e+00 7.000000000000000000e+00 7.000000000000000000e+00 3.000000000000000000e+00 3.000000000000000000e+00 3.000000000000000000e+00 8.000000000000000000e+00 2.000000000000000000e+00 2.000000000000000000e+00 2.000000000000000000e+00 2.000000000000000000e+00 2.000000000000000000e+00 2.000000000000000000e+00 2.000000000000000000e+00 5.000000000000000000e+00 2.000000000000000000e+00 2.000000000000000000e+00 3.000000000000000000e+00 3.000000000000000000e+00 2.550000000000000000e+02 2.550000000000000000e+02 2.550000000000000000e+02 2.550000000000000000e+02 2.550000000000000000e+02 2.550000000000000000e+02 2.550000000000000000e+02 2.550000000000000000e+02 2.550000000000000000e+02 2.550000000000000000e+02
2.550000000000000000e+02 2.550000000000000000e+02 2.550000000000000000e+02 2.550000000000000000e+02 2.550000000000000000e+02 2.550000000000000000e+02 2.550000000000000000e+02 2.550000000000000000e+02 2.550000000000000000e+02 2.550000000000000000e+02 2.550000000000000000e+02 2.550000000000000000e+02 2.550000000000000000e+02 2.550000000000000000e+02 2.550000000000000000e+02 2.550000000000000000e+02 2.550000000000000000e+02 2.550000000000000000e+02 2.550000000000000000e+02 2.550000000000000000e+02 2.550000000000000000e+02 2.550000000000000000e+02 2.550000000000000000e+02 2.550000000000000000e+02 2.550000000000000000e+02 2.550000000000000000e+02 2.550000000000000000e+02 2.550000000000000000e+02 2.550000000000000000e+02 7.000000000000000000e+00 7.000000000000000000e+00 4.000000000000000000e+00 4.000000000000000000e+00 4.000000000000000000e+00 4.000000000000000000e+00 4.000000000000000000e+00 4.000000000000000000e+00 3.000000000000000000e+00 3.000000000000000000e+00 3.000000000000000000e+00 3.000000000000000000e+00 3.000000000000000000e+00 3.000000000000000000e+00 3.000000000000000000e+00 3.000000000000000000e+00 2.000000000000000000e+00 2.000000000000000000e+00 2.000000000000000000e+00 4.000000000000000000e+00 3.000000000000000000e+00 3.000000000000000000e+00 2.000000000000000000e+00 3.000000000000000000e+00 4.000000000000000000e+00 4.000000000000000000e+00 3.000000000000000000e+00 2.000000000000000000e+00 2.000000000000000000e+00 3.000000000000000000e+00 3.000000000000000000e+00 3.000000000000000000e+00 2.000000000000000000e+00 3.000000000000000000e+00 3.000000000000000000e+00 4.000000000000000000e+00 3.000000000000000000e+00 3.000000000000000000e+00 3.000000000000000000e+00 4.000000000000000000e+00 4.000000000000000000e+00 4.000000000000000000e+00 3.000000000000000000e+00 3.000000000000000000e+00 3.000000000000000000e+00 7.000000000000000000e+00 7.000000000000000000e+00 7.000000000000000000e+00 7.000000000000000000e+00 7.000000000000000000e+00 7.000000000000000000e+00 3.000000000000000000e+00 2.000000000000000000e+00 2.000000000000000000e+00 8.000000000000000000e+00 2.000000000000000000e+00 2.000000000000000000e+00 6.000000000000000000e+00 2.000000000000000000e+00 2.000000000000000000e+00 2.000000000000000000e+00 2.000000000000000000e+00 5.000000000000000000e+00 2.000000000000000000e+00 2.000000000000000000e+00 2.000000000000000000e+00 2.000000000000000000e+00 2.000000000000000000e+00 2.550000000000000000e+02 2.550000000000000000e+02 2.550000000000000000e+02 2.550000000000000000e+02 2.550000000000000000e+02 2.550000000000000000e+02 2.550000000000000000e+02 2.550000000000000000e+02 2.550000000000000000e+02
2.550000000000000000e+02 2.550000000000000000e+02 2.550000000000000000e+02 2.550000000000000000e+02 2.550000000000000000e+02 2.550000000000000000e+02 2.550000000000000000e+02 2.550000000000000000e+02 2.550000000000000000e+02 2.550000000000000000e+02 2.550000000000000000e+02 2.550000000000000000e+02 2.550000000000000000e+02 2.550000000000000000e+02 2.550000000000000000e+02 2.550000000000000000e+02 2.550000000000000000e+02 2.550000000000000000e+02 2.550000000000000000e+02 2.550000000000000000e+02 2.550000000000000000e+02 2.550000000000000000e+02 2.550000000000000000e+02 7.000000000000000000e+00 7.000000000000000000e+00 7.000000000000000000e+00 7.000000000000000000e+00 2.550000000000000000e+02 7.000000000000000000e+00 7.000000000000000000e+00 3.000000000000000000e+00 4.000000000000000000e+00 4.000000000000000000e+00 4.000000000000000000e+00 4.000000000000000000e+00 4.000000000000000000e+00 3.000000000000000000e+00 3.000000000000000000e+00 3.000000000000000000e+00 3.000000000000000000e+00 3.000000000000000000e+00 3.000000000000000000e+00 3.000000000000000000e+00 3.000000000000000000e+00 3.000000000000000000e+00 3.000000000000000000e+00 2.000000000000000000e+00 3.000000000000000000e+00 3.000000000000000000e+00 3.000000000000000000e+00 2.000000000000000000e+00 2.000000000000000000e+00 2.000000000000000000e+00 4.000000000000000000e+00 4.000000000000000000e+00 4.000000000000000000e+00 3.000000000000000000e+00 3.000000000000000000e+00 4.000000000000000000e+00 3.000000000000000000e+00 3.000000000000000000e+00 4.000000000000000000e+00 4.000000000000000000e+00 4.000000000000000000e+00 3.000000000000000000e+00 2.000000000000000000e+00 2.000000000000000000e+00 2.000000000000000000e+00 3.000000000000000000e+00 3.000000000000000000e+00 4.000000000000000000e+00 2.000000000000000000e+00 3.000000000000000000e+00 3.000000000000000000e+00 3.000000000000000000e+00 7.000000000000000000e+00 7.000000000000000000e+00 7.000000000000000000e+00 7.000000000000000000e+00 7.000000000000000000e+00 2.000000000000000000e+00 2.000000000000000000e+00 8.000000000000000000e+00 8.000000000000000000e+00 2.000000000000000000e+00 2.000000000000000000e+00 6.000000000000000000e+00 2.000000000000000000e+00 2.000000000000000000e+00 2.000000000000000000e+00 2.000000000000000000e+00 5.000000000000000000e+00 2.000000000000000000e+00 2.000000000000000000e+00 2.000000000000000000e+00 2.000000000000000000e+00 2.000000000000000000e+00 2.550000000000000000e+02 2.550000000000000000e+02 2.550000000000000000e+02 2.550000000000000000e+02 2.550000000000000000e+02 2.550000000000000000e+02 2.550000000000000000e+02 2.550000000000000000e+02 2.550000000000000000e+02
2.550000000000000000e+02 2.550000000000000000e+02 2.550000000000000000e+02 2.550000000000000000e+02 2.550000000000000000e+02 2.550000000000000000e+02 2.550000000000000000e+02 2.550000000000000000e+02 2.550000000000000000e+02 2.550000000000000000e+02 2.550000000000000000e+02 2.550000000000000000e+02 2.550000000000000000e+02 2.550000000000000000e+02 2.550000000000000000e+02 2.550000000000000000e+02 2.550000000000000000e+02 7.000000000000000000e+00 7.000000000000000000e+00 7.000000000000000000e+00 7.000000000000000000e+00 7.000000000000000000e+00 7.000000000000000000e+00 7.000000000000000000e+00 7.000000000000000000e+00 7.000000000000000000e+00 7.000000000000000000e+00 7.000000000000000000e+00 7.000000000000000000e+00 7.000000000000000000e+00 3.000000000000000000e+00 3.000000000000000000e+00 3.000000000000000000e+00 3.000000000000000000e+00 3.000000000000000000e+00 3.000000000000000000e+00 4.000000000000000000e+00 3.000000000000000000e+00 3.000000000000000000e+00 2.000000000000000000e+00 3.000000000000000000e+00 3.000000000000000000e+00 3.000000000000000000e+00 3.000000000000000000e+00 3.000000000000000000e+00 3.000000000000000000e+00 3.000000000000000000e+00 3.000000000000000000e+00 3.000000000000000000e+00 3.000000000000000000e+00 3.000000000000000000e+00 2.000000000000000000e+00 3.000000000000000000e+00 4.000000000000000000e+00 4.000000000000000000e+00 4.000000000000000000e+00 4.000000000000000000e+00 4.000000000000000000e+00 3.000000000000000000e+00 3.000000000000000000e+00 3.000000000000000000e+00 4.000000000000000000e+00 4.000000000000000000e+00 4.000000000000000000e+00 4.000000000000000000e+00 3.000000000000000000e+00 3.000000000000000000e+00 3.000000000000000000e+00 2.000000000000000000e+00 3.000000000000000000e+00 3.000000000000000000e+00 4.000000000000000000e+00 4.000000000000000000e+00 3.000000000000000000e+00 3.000000000000000000e+00 7.000000000000000000e+00 7.000000000000000000e+00 7.000000000000000000e+00 7.000000000000000000e+00 7.000000000000000000e+00 2.000000000000000000e+00 2.000000000000000000e+00 8.000000000000000000e+00 2.000000000000000000e+00 2.000000000000000000e+00 2.000000000000000000e+00 6.000000000000000000e+00 2.000000000000000000e+00 2.000000000000000000e+00 2.000000000000000000e+00 2.000000000000000000e+00 5.000000000000000000e+00 2.000000000000000000e+00 2.000000000000000000e+00 2.000000000000000000e+00 2.000000000000000000e+00 2.000000000000000000e+00 2.550000000000000000e+02 2.550000000000000000e+02 2.550000000000000000e+02 2.550000000000000000e+02 2.550000000000000000e+02 2.550000000000000000e+02 2.550000000000000000e+02 2.550000000000000000e+02 2.550000000000000000e+02
2.550000000000000000e+02 2.550000000000000000e+02 2.550000000000000000e+02 2.550000000000000000e+02 2.550000000000000000e+02 2.550000000000000000e+02 2.550000000000000000e+02 2.550000000000000000e+02 2.550000000000000000e+02 2.550000000000000000e+02 2.550000000000000000e+02 2.550000000000000000e+02 2.550000000000000000e+02 2.550000000000000000e+02 2.550000000000000000e+02 2.550000000000000000e+02 7.000000000000000000e+00 7.000000000000000000e+00 7.000000000000000000e+00 7.000000000000000000e+00 7.000000000000000000e+00 7.000000000000000000e+00 7.000000000000000000e+00 7.000000000000000000e+00 7.000000000000000000e+00 7.000000000000000000e+00 7.000000000000000000e+00 7.000000000000000000e+00 7.000000000000000000e+00 7.000000000000000000e+00 3.000000000000000000e+00 3.000000000000000000e+00 3.000000000000000000e+00 3.000000000000000000e+00 3.000000000000000000e+00 3.000000000000000000e+00 4.000000000000000000e+00 3.000000000000000000e+00 3.000000000000000000e+00 3.000000000000000000e+00 3.000000000000000000e+00 3.000000000000000000e+00 3.000000000000000000e+00 3.000000000000000000e+00 3.000000000000000000e+00 3.000000000000000000e+00 3.000000000000000000e+00 3.000000000000000000e+00 3.000000000000000000e+00 3.000000000000000000e+00 3.000000000000000000e+00 2.000000000000000000e+00 3.000000000000000000e+00 4.000000000000000000e+00 4.000000000000000000e+00 4.000000000000000000e+00 4.000000000000000000e+00 4.000000000000000000e+00 3.000000000000000000e+00 3.000000000000000000e+00 3.000000000000000000e+00 4.000000000000000000e+00 4.000000000000000000e+00 4.000000000000000000e+00 4.000000000000000000e+00 3.000000000000000000e+00 3.000000000000000000e+00 3.000000000000000000e+00 2.000000000000000000e+00 3.000000000000000000e+00 3.000000000000000000e+00 3.000000000000000000e+00 4.000000000000000000e+00 3.000000000000000000e+00 7.000000000000000000e+00 7.000000000000000000e+00 7.000000000000000000e+00 7.000000000000000000e+00 7.000000000000000000e+00 7.000000000000000000e+00 2.000000000000000000e+00 2.000000000000000000e+00 8.000000000000000000e+00 2.000000000000000000e+00 2.000000000000000000e+00 2.000000000000000000e+00 2.000000000000000000e+00 2.000000000000000000e+00 2.000000000000000000e+00 2.000000000000000000e+00 2.000000000000000000e+00 5.000000000000000000e+00 5.000000000000000000e+00 2.000000000000000000e+00 2.000000000000000000e+00 2.000000000000000000e+00 2.000000000000000000e+00 2.550000000000000000e+02 2.550000000000000000e+02 2.550000000000000000e+02 2.550000000000000000e+02 2.550000000000000000e+02 2.550000000000000000e+02 2.550000000000000000e+02 2.550000000000000000e+02 2.550000000000000000e+02
2.550000000000000000e+02 2.550000000000000000e+02 2.550000000000000000e+02 2.550000000000000000e+02 2.550000000000000000e+02 2.550000000000000000e+02 2.550000000000000000e+02 2.550000000000000000e+02 2.550000000000000000e+02 2.550000000000000000e+02 2.550000000000000000e+02 2.550000000000000000e+02 2.550000000000000000e+02 2.550000000000000000e+02 2.550000000000000000e+02 2.550000000000000000e+02 7.000000000000000000e+00 7.000000000000000000e+00 7.000000000000000000e+00 7.000000000000000000e+00 7.000000000000000000e+00 7.000000000000000000e+00 7.000000000000000000e+00 7.000000000000000000e+00 7.000000000000000000e+00 7.000000000000000000e+00 7.000000000000000000e+00 7.000000000000000000e+00 7.000000000000000000e+00 2.000000000000000000e+00 3.000000000000000000e+00 4.000000000000000000e+00 4.000000000000000000e+00 7.000000000000000000e+00 4.000000000000000000e+00 4.000000000000000000e+00 4.000000000000000000e+00 4.000000000000000000e+00 4.000000000000000000e+00 4.000000000000000000e+00 4.000000000000000000e+00 3.000000000000000000e+00 3.000000000000000000e+00 3.000000000000000000e+00 3.000000000000000000e+00 3.000000000000000000e+00 3.000000000000000000e+00 4.000000000000000000e+00 4.000000000000000000e+00 3.000000000000000000e+00 3.000000000000000000e+00 4.000000000000000000e+00 4.000000000000000000e+00 4.000000000000000000e+00 3.000000000000000000e+00 3.000000000000000000e+00 4.000000000000000000e+00 3.000000000000000000e+00 4.000000000000000000e+00 3.000000000000000000e+00 3.000000000000000000e+00 4.000000000000000000e+00 4.000000000000000000e+00 4.000000000000000000e+00 3.000000000000000000e+00 3.000000000000000000e+00 3.000000000000000000e+00 3.000000000000000000e+00 2.000000000000000000e+00 3.000000000000000000e+00 4.000000000000000000e+00 4.000000000000000000e+00 4.000000000000000000e+00 3.000000000000000000e+00 7.000000000000000000e+00 7.000000000000000000e+00 7.000000000000000000e+00 7.000000000000000000e+00 7.000000000000000000e+00 7.000000000000000000e+00 2.000000000000000000e+00 8.000000000000000000e+00 8.000000000000000000e+00 3.000000000000000000e+00 3.000000000000000000e+00 2.000000000000000000e+00 2.000000000000000000e+00 2.000000000000000000e+00 2.000000000000000000e+00 2.000000000000000000e+00 2.000000000000000000e+00 2.000000000000000000e+00 5.000000000000000000e+00 2.000000000000000000e+00 2.000000000000000000e+00 2.000000000000000000e+00 2.000000000000000000e+00 2.550000000000000000e+02 2.550000000000000000e+02 2.550000000000000000e+02 2.550000000000000000e+02 2.550000000000000000e+02 2.550000000000000000e+02 2.550000000000000000e+02 2.550000000000000000e+02 2.550000000000000000e+02
2.550000000000000000e+02 2.550000000000000000e+02 2.550000000000000000e+02 2.550000000000000000e+02 2.550000000000000000e+02 2.550000000000000000e+02 2.550000000000000000e+02 2.550000000000000000e+02 2.550000000000000000e+02 2.550000000000000000e+02 2.550000000000000000e+02 2.550000000000000000e+02 2.550000000000000000e+02 2.550000000000000000e+02 2.550000000000000000e+02 2.550000000000000000e+02 2.550000000000000000e+02 7.000000000000000000e+00 7.000000000000000000e+00 7.000000000000000000e+00 7.000000000000000000e+00 7.000000000000000000e+00 7.000000000000000000e+00 7.000000000000000000e+00 7.000000000000000000e+00 7.000000000000000000e+00 7.000000000000000000e+00 7.000000000000000000e+00 7.000000000000000000e+00 2.000000000000000000e+00 3.000000000000000000e+00 4.000000000000000000e+00 4.000000000000000000e+00 4.000000000000000000e+00 4.000000000000000000e+00 4.000000000000000000e+00 4.000000000000000000e+00 4.000000000000000000e+00 4.000000000000000000e+00 4.000000000000000000e+00 4.000000000000000000e+00 3.000000000000000000e+00 3.000000000000000000e+00 3.000000000000000000e+00 4.000000000000000000e+00 4.000000000000000000e+00 3.000000000000000000e+00 3.000000000000000000e+00 4.000000000000000000e+00 4.000000000000000000e+00 3.000000000000000000e+00 3.000000000000000000e+00 3.000000000000000000e+00 3.000000000000000000e+00 3.000000000000000000e+00 3.000000000000000000e+00 3.000000000000000000e+00 4.000000000000000000e+00 4.000000000000000000e+00 3.000000000000000000e+00 3.000000000000000000e+00 4.000000000000000000e+00 4.000000000000000000e+00 4.000000000000000000e+00 3.000000000000000000e+00 3.000000000000000000e+00 4.000000000000000000e+00 3.000000000000000000e+00 3.000000000000000000e+00 4.000000000000000000e+00 4.000000000000000000e+00 4.000000000000000000e+00 4.000000000000000000e+00 3.000000000000000000e+00 3.000000000000000000e+00 3.000000000000000000e+00 7.000000000000000000e+00 7.000000000000000000e+00 7.000000000000000000e+00 3.000000000000000000e+00 2.000000000000000000e+00 2.000000000000000000e+00 2.000000000000000000e+00 3.000000000000000000e+00 2.000000000000000000e+00 2.000000000000000000e+00 3.000000000000000000e+00 2.000000000000000000e+00 2.000000000000000000e+00 2.000000000000000000e+00 2.000000000000000000e+00 2.000000000000000000e+00 5.000000000000000000e+00 2.000000000000000000e+00 2.000000000000000000e+00 2.000000000000000000e+00 2.000000000000000000e+00 2.550000000000000000e+02 2.550000000000000000e+02 2.550000000000000000e+02 2.550000000000000000e+02 2.550000000000000000e+02 2.550000000000000000e+02 2.550000000000000000e+02 2.550000000000000000e+02 2.550000000000000000e+02
2.550000000000000000e+02 2.550000000000000000e+02 2.550000000000000000e+02 2.550000000000000000e+02 2.550000000000000000e+02 2.550000000000000000e+02 2.550000000000000000e+02 2.550000000000000000e+02 2.550000000000000000e+02 2.550000000000000000e+02 2.550000000000000000e+02 2.550000000000000000e+02 2.550000000000000000e+02 2.550000000000000000e+02 2.550000000000000000e+02 2.550000000000000000e+02 2.550000000000000000e+02 7.000000000000000000e+00 7.000000000000000000e+00 7.000000000000000000e+00 7.000000000000000000e+00 7.000000000000000000e+00 7.000000000000000000e+00 7.000000000000000000e+00 7.000000000000000000e+00 7.000000000000000000e+00 7.000000000000000000e+00 7.000000000000000000e+00 7.000000000000000000e+00 3.000000000000000000e+00 3.000000000000000000e+00 4.000000000000000000e+00 4.000000000000000000e+00 4.000000000000000000e+00 4.000000000000000000e+00 4.000000000000000000e+00 3.000000000000000000e+00 3.000000000000000000e+00 3.000000000000000000e+00 3.000000000000000000e+00 3.000000000000000000e+00 3.000000000000000000e+00 3.000000000000000000e+00 3.000000000000000000e+00 3.000000000000000000e+00 3.000000000000000000e+00 3.000000000000000000e+00 4.000000000000000000e+00 3.000000000000000000e+00 3.000000000000000000e+00 4.000000000000000000e+00 3.000000000000000000e+00 3.000000000000000000e+00 3.000000000000000000e+00 3.000000000000000000e+00 4.000000000000000000e+00 3.000000000000000000e+00 4.000000000000000000e+00 4.000000000000000000e+00 3.000000000000000000e+00 3.000000000000000000e+00 3.000000000000000000e+00 4.000000000000000000e+00 3.000000000000000000e+00 4.000000000000000000e+00 3.000000000000000000e+00 4.000000000000000000e+00 3.000000000000000000e+00 2.000000000000000000e+00 3.000000000000000000e+00 3.000000000000000000e+00 4.000000000000000000e+00 3.000000000000000000e+00 3.000000000000000000e+00 2.000000000000000000e+00 3.000000000000000000e+00 3.000000000000000000e+00 3.000000000000000000e+00 3.000000000000000000e+00 3.000000000000000000e+00 3.000000000000000000e+00 2.000000000000000000e+00 2.000000000000000000e+00 2.000000000000000000e+00 2.000000000000000000e+00 2.000000000000000000e+00 2.000000000000000000e+00 2.000000000000000000e+00 2.000000000000000000e+00 2.000000000000000000e+00 2.000000000000000000e+00 2.000000000000000000e+00 5.000000000000000000e+00 2.000000000000000000e+00 2.000000000000000000e+00 2.000000000000000000e+00 2.000000000000000000e+00 2.000000000000000000e+00 2.550000000000000000e+02 2.550000000000000000e+02 2.550000000000000000e+02 2.550000000000000000e+02 2.550000000000000000e+02 2.550000000000000000e+02 2.550000000000000000e+02 2.550000000000000000e+02
2.550000000000000000e+02 2.550000000000000000e+02 2.550000000000000000e+02 2.550000000000000000e+02 2.550000000000000000e+02 2.550000000000000000e+02 2.550000000000000000e+02 2.550000000000000000e+02 2.550000000000000000e+02 2.550000000000000000e+02 2.550000000000000000e+02 2.550000000000000000e+02 2.550000000000000000e+02 2.550000000000000000e+02 2.550000000000000000e+02 2.550000000000000000e+02 2.550000000000000000e+02 7.000000000000000000e+00 7.000000000000000000e+00 7.000000000000000000e+00 7.000000000000000000e+00 7.000000000000000000e+00 7.000000000000000000e+00 7.000000000000000000e+00 7.000000000000000000e+00 7.000000000000000000e+00 7.000000000000000000e+00 7.000000000000000000e+00 7.000000000000000000e+00 3.000000000000000000e+00 3.000000000000000000e+00 4.000000000000000000e+00 4.000000000000000000e+00 4.000000000000000000e+00 4.000000000000000000e+00 4.000000000000000000e+00 4.000000000000000000e+00 4.000000000000000000e+00 3.000000000000000000e+00 3.000000000000000000e+00 3.000000000000000000e+00 3.000000000000000000e+00 3.000000000000000000e+00 3.000000000000000000e+00 2.000000000000000000e+00 2.000000000000000000e+00 3.000000000000000000e+00 3.000000000000000000e+00 2.000000000000000000e+00 2.000000000000000000e+00 3.000000000000000000e+00 4.000000000000000000e+00 3.000000000000000000e+00 2.000000000000000000e+00 4.000000000000000000e+00 4.000000000000000000e+00 3.000000000000000000e+00 2.000000000000000000e+00 4.000000000000000000e+00 3.000000000000000000e+00 3.000000000000000000e+00 3.000000000000000000e+00 4.000000000000000000e+00 4.000000000000000000e+00 3.000000000000000000e+00 4.000000000000000000e+00 4.000000000000000000e+00 4.000000000000000000e+00 3.000000000000000000e+00 3.000000000000000000e+00 3.000000000000000000e+00 4.000000000000000000e+00 4.000000000000000000e+00 3.000000000000000000e+00 3.000000000000000000e+00 3.000000000000000000e+00 2.000000000000000000e+00 3.000000000000000000e+00 3.000000000000000000e+00 3.000000000000000000e+00 3.000000000000000000e+00 3.000000000000000000e+00 3.000000000000000000e+00 2.000000000000000000e+00 2.000000000000000000e+00 2.000000000000000000e+00 2.000000000000000000e+00 2.000000000000000000e+00 2.000000000000000000e+00 2.000000000000000000e+00 2.000000000000000000e+00 3.000000000000000000e+00 5.000000000000000000e+00 2.000000000000000000e+00 2.000000000000000000e+00 2.000000000000000000e+00 2.000000000000000000e+00 2.000000000000000000e+00 2.550000000000000000e+02 2.550000000000000000e+02 2.550000000000000000e+02 2.550000000000000000e+02 2.550000000000000000e+02 2.550000000000000000e+02 2.550000000000000000e+02 2.550000000000000000e+02
2.550000000000000000e+02 2.550000000000000000e+02 2.550000000000000000e+02 2.550000000000000000e+02 2.550000000000000000e+02 2.550000000000000000e+02 2.550000000000000000e+02 2.550000000000000000e+02 2.550000000000000000e+02 2.550000000000000000e+02 2.550000000000000000e+02 2.550000000000000000e+02 2.550000000000000000e+02 2.550000000000000000e+02 2.550000000000000000e+02 2.550000000000000000e+02 2.550000000000000000e+02 2.550000000000000000e+02 7.000000000000000000e+00 7.000000000000000000e+00 7.000000000000000000e+00 7.000000000000000000e+00 7.000000000000000000e+00 7.000000000000000000e+00 7.000000000000000000e+00 7.000000000000000000e+00 7.000000000000000000e+00 7.000000000000000000e+00 7.000000000000000000e+00 2.000000000000000000e+00 3.000000000000000000e+00 4.000000000000000000e+00 4.000000000000000000e+00 4.000000000000000000e+00 4.000000000000000000e+00 4.000000000000000000e+00 4.000000000000000000e+00 4.000000000000000000e+00 4.000000000000000000e+00 3.000000000000000000e+00 3.000000000000000000e+00 3.000000000000000000e+00 3.000000000000000000e+00 3.000000000000000000e+00 2.000000000000000000e+00 2.000000000000000000e+00 3.000000000000000000e+00 3.000000000000000000e+00 3.000000000000000000e+00 3.000000000000000000e+00 3.000000000000000000e+00 3.000000000000000000e+00 3.000000000000000000e+00 2.000000000000000000e+00 3.000000000000000000e+00 4.000000000000000000e+00 3.000000000000000000e+00 2.000000000000000000e+00 3.000000000000000000e+00 3.000000000000000000e+00 3.000000000000000000e+00 3.000000000000000000e+00 4.000000000000000000e+00 4.000000000000000000e+00 3.000000000000000000e+00 4.000000000000000000e+00 4.000000000000000000e+00 4.000000000000000000e+00 3.000000000000000000e+00 3.000000000000000000e+00 3.000000000000000000e+00 4.000000000000000000e+00 3.000000000000000000e+00 3.000000000000000000e+00 3.000000000000000000e+00 3.000000000000000000e+00 2.000000000000000000e+00 2.000000000000000000e+00 3.000000000000000000e+00 3.000000000000000000e+00 3.000000000000000000e+00 3.000000000000000000e+00 8.000000000000000000e+00 2.000000000000000000e+00 2.000000000000000000e+00 2.000000000000000000e+00 2.000000000000000000e+00 2.000000000000000000e+00 2.000000000000000000e+00 2.000000000000000000e+00 2.000000000000000000e+00 3.000000000000000000e+00 5.000000000000000000e+00 2.000000000000000000e+00 2.000000000000000000e+00 6.000000000000000000e+00 2.000000000000000000e+00 2.000000000000000000e+00 2.550000000000000000e+02 2.550000000000000000e+02 2.550000000000000000e+02 2.550000000000000000e+02 2.550000000000000000e+02 2.550000000000000000e+02 2.550000000000000000e+02 2.550000000000000000e+02
2.550000000000000000e+02 2.550000000000000000e+02 2.550000000000000000e+02 2.550000000000000000e+02 2.550000000000000000e+02 2.550000000000000000e+02 2.550000000000000000e+02 2.550000000000000000e+02 2.550000000000000000e+02 2.550000000000000000e+02 2.550000000000000000e+02 2.550000000000000000e+02 2.550000000000000000e+02 2.550000000000000000e+02 2.550000000000000000e+02 2.550000000000000000e+02 2.550000000000000000e+02 2.550000000000000000e+02 7.000000000000000000e+00 7.000000000000000000e+00 7.000000000000000000e+00 7.000000000000000000e+00 7.000000000000000000e+00 7.000000000000000000e+00 7.000000000000000000e+00 7.000000000000000000e+00 7.000000000000000000e+00 7.000000000000000000e+00 7.000000000000000000e+00 2.000000000000000000e+00 3.000000000000000000e+00 4.000000000000000000e+00 4.000000000000000000e+00 4.000000000000000000e+00 4.000000000000000000e+00 4.000000000000000000e+00 4.000000000000000000e+00 4.000000000000000000e+00 4.000000000000000000e+00 3.000000000000000000e+00 3.000000000000000000e+00 3.000000000000000000e+00 3.000000000000000000e+00 3.000000000000000000e+00 4.000000000000000000e+00 3.000000000000000000e+00 3.000000000000000000e+00 4.000000000000000000e+00 3.000000000000000000e+00 4.000000000000000000e+00 2.000000000000000000e+00 2.000000000000000000e+00 2.000000000000000000e+00 2.000000000000000000e+00 2.000000000000000000e+00 4.000000000000000000e+00 3.000000000000000000e+00 2.000000000000000000e+00 3.000000000000000000e+00 3.000000000000000000e+00 3.000000000000000000e+00 3.000000000000000000e+00 3.000000000000000000e+00 3.000000000000000000e+00 3.000000000000000000e+00 4.000000000000000000e+00 4.000000000000000000e+00 3.000000000000000000e+00 3.000000000000000000e+00 3.000000000000000000e+00 3.000000000000000000e+00 3.000000000000000000e+00 3.000000000000000000e+00 3.000000000000000000e+00 3.000000000000000000e+00 3.000000000000000000e+00 2.000000000000000000e+00 3.000000000000000000e+00 3.000000000000000000e+00 3.000000000000000000e+00 3.000000000000000000e+00 3.000000000000000000e+00 8.000000000000000000e+00 3.000000000000000000e+00 3.000000000000000000e+00 2.000000000000000000e+00 2.000000000000000000e+00 2.000000000000000000e+00 2.000000000000000000e+00 2.000000000000000000e+00 3.000000000000000000e+00 2.000000000000000000e+00 5.000000000000000000e+00 2.000000000000000000e+00 2.000000000000000000e+00 6.000000000000000000e+00 2.000000000000000000e+00 2.000000000000000000e+00 2.000000000000000000e+00 2.550000000000000000e+02 2.550000000000000000e+02 2.550000000000000000e+02 2.550000000000000000e+02 2.550000000000000000e+02 2.550000000000000000e+02 2.550000000000000000e+02
2.550000000000000000e+02 2.550000000000000000e+02 2.550000000000000000e+02 2.550000000000000000e+02 2.550000000000000000e+02 2.550000000000000000e+02 2.550000000000000000e+02 2.550000000000000000e+02 2.550000000000000000e+02 2.550000000000000000e+02 2.550000000000000000e+02 2.550000000000000000e+02 2.550000000000000000e+02 2.550000000000000000e+02 2.550000000000000000e+02 2.550000000000000000e+02 2.550000000000000000e+02 2.550000000000000000e+02 7.000000000000000000e+00 7.000000000000000000e+00 7.000000000000000000e+00 7.000000000000000000e+00 7.000000000000000000e+00 7.000000000000000000e+00 7.000000000000000000e+00 7.000000000000000000e+00 7.000000000000000000e+00 7.000000000000000000e+00 7.000000000000000000e+00 3.000000000000000000e+00 4.000000000000000000e+00 4.000000000000000000e+00 4.000000000000000000e+00 4.000000000000000000e+00 4.000000000000000000e+00 4.000000000000000000e+00 4.000000000000000000e+00 4.000000000000000000e+00 4.000000000000000000e+00 3.000000000000000000e+00 3.000000000000000000e+00 3.000000000000000000e+00 3.000000000000000000e+00 3.000000000000000000e+00 3.000000000000000000e+00 4.000000000000000000e+00 4.000000000000000000e+00 4.000000000000000000e+00 4.000000000000000000e+00 3.000000000000000000e+00 2.000000000000000000e+00 2.000000000000000000e+00 2.000000000000000000e+00 2.000000000000000000e+00 2.000000000000000000e+00 3.000000000000000000e+00 4.000000000000000000e+00 3.000000000000000000e+00 3.000000000000000000e+00 3.000000000000000000e+00 3.000000000000000000e+00 4.000000000000000000e+00 4.000000000000000000e+00 4.000000000000000000e+00 3.000000000000000000e+00 3.000000000000000000e+00 3.000000000000000000e+00 4.000000000000000000e+00 3.000000000000000000e+00 3.000000000000000000e+00 3.000000000000000000e+00 7.000000000000000000e+00 3.000000000000000000e+00 2.000000000000000000e+00 2.000000000000000000e+00 2.000000000000000000e+00 2.000000000000000000e+00 2.000000000000000000e+00 3.000000000000000000e+00 3.000000000000000000e+00 3.000000000000000000e+00 3.000000000000000000e+00 8.000000000000000000e+00 3.000000000000000000e+00 3.000000000000000000e+00 3.000000000000000000e+00 3.000000000000000000e+00 2.000000000000000000e+00 2.000000000000000000e+00 2.000000000000000000e+00 2.000000000000000000e+00 2.000000000000000000e+00 5.000000000000000000e+00 2.000000000000000000e+00 2.000000000000000000e+00 6.000000000000000000e+00 2.000000000000000000e+00 2.000000000000000000e+00 2.000000000000000000e+00 2.550000000000000000e+02 2.550000000000000000e+02 2.550000000000000000e+02 2.550000000000000000e+02 2.550000000000000000e+02 2.550000000000000000e+02 2.550000000000000000e+02
2.550000000000000000e+02 2.550000000000000000e+02 2.550000000000000000e+02 2.550000000000000000e+02 2.550000000000000000e+02 2.550000000000000000e+02 2.550000000000000000e+02 2.550000000000000000e+02 2.550000000000000000e+02 2.550000000000000000e+02 2.550000000000000000e+02 2.550000000000000000e+02 2.550000000000000000e+02 2.550000000000000000e+02 2.550000000000000000e+02 2.550000000000000000e+02 2.550000000000000000e+02 2.550000000000000000e+02 7.000000000000000000e+00 7.000000000000000000e+00 7.000000000000000000e+00 7.000000000000000000e+00 7.000000000000000000e+00 7.000000000000000000e+00 7.000000000000000000e+00 7.000000000000000000e+00 7.000000000000000000e+00 7.000000000000000000e+00 7.000000000000000000e+00 3.000000000000000000e+00 4.000000000000000000e+00 4.000000000000000000e+00 4.000000000000000000e+00 4.000000000000000000e+00 4.000000000000000000e+00 4.000000000000000000e+00 4.000000000000000000e+00 4.000000000000000000e+00 4.000000000000000000e+00 3.000000000000000000e+00 3.000000000000000000e+00 3.000000000000000000e+00 2.000000000000000000e+00 3.000000000000000000e+00 3.000000000000000000e+00 3.000000000000000000e+00 3.000000000000000000e+00 4.000000000000000000e+00 4.000000000000000000e+00 3.000000000000000000e+00 2.000000000000000000e+00 2.000000000000000000e+00 2.000000000000000000e+00 3.000000000000000000e+00 3.000000000000000000e+00 4.000000000000000000e+00 4.000000000000000000e+00 4.000000000000000000e+00 3.000000000000000000e+00 4.000000000000000000e+00 4.000000000000000000e+00 4.000000000000000000e+00 4.000000000000000000e+00 4.000000000000000000e+00 3.000000000000000000e+00 3.000000000000000000e+00 2.000000000000000000e+00 3.000000000000000000e+00 7.000000000000000000e+00 3.000000000000000000e+00 3.000000000000000000e+00 7.000000000000000000e+00 7.000000000000000000e+00 3.000000000000000000e+00 3.000000000000000000e+00 4.000000000000000000e+00 4.000000000000000000e+00 4.000000000000000000e+00 4.000000000000000000e+00 4.000000000000000000e+00 2.000000000000000000e+00 8.000000000000000000e+00 8.000000000000000000e+00 3.000000000000000000e+00 3.000000000000000000e+00 2.000000000000000000e+00 3.000000000000000000e+00 3.000000000000000000e+00 2.000000000000000000e+00 2.000000000000000000e+00 3.000000000000000000e+00 2.000000000000000000e+00 5.000000000000000000e+00 2.000000000000000000e+00 2.000000000000000000e+00 2.000000000000000000e+00 2.000000000000000000e+00 2.000000000000000000e+00 2.000000000000000000e+00 2.000000000000000000e+00 2.550000000000000000e+02 2.550000000000000000e+02 2.550000000000000000e+02 2.550000000000000000e+02 2.550000000000000000e+02 2.550000000000000000e+02
2.550000000000000000e+02 2.550000000000000000e+02 2.550000000000000000e+02 2.550000000000000000e+02 2.550000000000000000e+02 2.550000000000000000e+02 2.550000000000000000e+02 2.550000000000000000e+02 2.550000000000000000e+02 2.550000000000000000e+02 2.550000000000000000e+02 2.550000000000000000e+02 2.550000000000000000e+02 2.550000000000000000e+02 2.550000000000000000e+02 2.550000000000000000e+02 2.550000000000000000e+02 2.550000000000000000e+02 7.000000000000000000e+00 7.000000000000000000e+00 7.000000000000000000e+00 7.000000000000000000e+00 7.000000000000000000e+00 7.000000000000000000e+00 7.000000000000000000e+00 7.000000000000000000e+00 7.000000000000000000e+00 7.000000000000000000e+00 7.000000000000000000e+00 3.000000000000000000e+00 3.000000000000000000e+00 3.000000000000000000e+00 4.000000000000000000e+00 4.000000000000000000e+00 4.000000000000000000e+00 4.000000000000000000e+00 4.000000000000000000e+00 4.000000000000000000e+00 3.000000000000000000e+00 3.000000000000000000e+00 3.000000000000000000e+00 3.000000000000000000e+00 3.000000000000000000e+00 3.000000000000000000e+00 4.000000000000000000e+00 4.000000000000000000e+00 4.000000000000000000e+00 4.000000000000000000e+00 3.000000000000000000e+00 2.000000000000000000e+00 2.000000000000000000e+00 2.000000000000000000e+00 2.000000000000000000e+00 2.000000000000000000e+00 2.000000000000000000e+00 3.000000000000000000e+00 3.000000000000000000e+00 4.000000000000000000e+00 4.000000000000000000e+00 4.000000000000000000e+00 4.000000000000000000e+00 4.000000000000000000e+00 3.000000000000000000e+00 3.000000000000000000e+00 3.000000000000000000e+00 3.000000000000000000e+00 3.000000000000000000e+00 3.000000000000000000e+00 7.000000000000000000e+00 7.000000000000000000e+00 7.000000000000000000e+00 7.000000000000000000e+00 7.000000000000000000e+00 7.000000000000000000e+00 7.000000000000000000e+00 3.000000000000000000e+00 3.000000000000000000e+00 3.000000000000000000e+00 3.000000000000000000e+00 3.000000000000000000e+00 3.000000000000000000e+00 8.000000000000000000e+00 3.000000000000000000e+00 3.000000000000000000e+00 3.000000000000000000e+00 3.000000000000000000e+00 2.000000000000000000e+00 2.000000000000000000e+00 2.000000000000000000e+00 2.000000000000000000e+00 2.000000000000000000e+00 3.000000000000000000e+00 5.000000000000000000e+00 2.000000000000000000e+00 2.000000000000000000e+00 2.000000000000000000e+00 2.000000000000000000e+00 2.000000000000000000e+00 3.000000000000000000e+00 2.000000000000000000e+00 2.550000000000000000e+02 2.550000000000000000e+02 2.550000000000000000e+02 2.550000000000000000e+02 2.550000000000000000e+02 2.550000000000000000e+02
2.550000000000000000e+02 2.550000000000000000e+02 2.550000000000000000e+02 2.550000000000000000e+02 2.550000000000000000e+02 2.550000000000000000e+02 2.550000000000000000e+02 2.550000000000000000e+02 2.550000000000000000e+02 2.550000000000000000e+02 2.550000000000000000e+02 2.550000000000000000e+02 2.550000000000000000e+02 2.550000000000000000e+02 2.550000000000000000e+02 2.550000000000000000e+02 2.550000000000000000e+02 2.550000000000000000e+02 7.000000000000000000e+00 7.000000000000000000e+00 7.000000000000000000e+00 7.000000000000000000e+00 7.000000000000000000e+00 7.000000000000000000e+00 7.000000000000000000e+00 7.000000000000000000e+00 7.000000000000000000e+00 7.000000000000000000e+00 7.000000000000000000e+00 3.000000000000000000e+00 3.000000000000000000e+00 3.000000000000000000e+00 3.000000000000000000e+00 3.000000000000000000e+00 3.000000000000000000e+00 3.000000000000000000e+00 3.000000000000000000e+00 4.000000000000000000e+00 3.000000000000000000e+00 3.000000000000000000e+00 3.000000000000000000e+00 3.000000000000000000e+00 3.000000000000000000e+00 3.000000000000000000e+00 3.000000000000000000e+00 3.000000000000000000e+00 4.000000000000000000e+00 4.000000000000000000e+00 3.000000000000000000e+00 2.000000000000000000e+00 2.000000000000000000e+00 2.000000000000000000e+00 2.000000000000000000e+00 2.000000000000000000e+00 2.000000000000000000e+00 3.000000000000000000e+00 2.000000000000000000e+00 4.000000000000000000e+00 4.000000000000000000e+00 4.000000000000000000e+00 4.000000000000000000e+00 4.000000000000000000e+00 3.000000000000000000e+00 3.000000000000000000e+00 3.000000000000000000e+00 3.000000000000000000e+00 3.000000000000000000e+00 3.000000000000000000e+00 7.000000000000000000e+00 7.000000000000000000e+00 7.000000000000000000e+00 7.000000000000000000e+00 7.000000000000000000e+00 7.000000000000000000e+00 7.000000000000000000e+00 3.000000000000000000e+00 3.000000000000000000e+00 3.000000000000000000e+00 3.000000000000000000e+00 3.000000000000000000e+00 3.000000000000000000e+00 8.000000000000000000e+00 3.000000000000000000e+00 4.000000000000000000e+00 4.000000000000000000e+00 4.000000000000000000e+00 3.000000000000000000e+00 3.000000000000000000e+00 2.000000000000000000e+00 2.000000000000000000e+00 2.000000000000000000e+00 3.000000000000000000e+00 5.000000000000000000e+00 2.000000000000000000e+00 2.000000000000000000e+00 2.000000000000000000e+00 3.000000000000000000e+00 3.000000000000000000e+00 3.000000000000000000e+00 2.000000000000000000e+00 2.550000000000000000e+02 2.550000000000000000e+02 2.550000000000000000e+02 2.550000000000000000e+02 2.550000000000000000e+02 2.550000000000000000e+02
2.550000000000000000e+02 2.550000000000000000e+02 2.550000000000000000e+02 2.550000000000000000e+02 2.550000000000000000e+02 2.550000000000000000e+02 2.550000000000000000e+02 2.550000000000000000e+02 2.550000000000000000e+02 2.550000000000000000e+02 2.550000000000000000e+02 2.550000000000000000e+02 2.550000000000000000e+02 2.550000000000000000e+02 2.550000000000000000e+02 2.550000000000000000e+02 2.550000000000000000e+02 2.550000000000000000e+02 7.000000000000000000e+00 7.000000000000000000e+00 7.000000000000000000e+00 7.000000000000000000e+00 7.000000000000000000e+00 7.000000000000000000e+00 7.000000000000000000e+00 7.000000000000000000e+00 7.000000000000000000e+00 7.000000000000000000e+00 7.000000000000000000e+00 3.000000000000000000e+00 2.000000000000000000e+00 3.000000000000000000e+00 3.000000000000000000e+00 3.000000000000000000e+00 3.000000000000000000e+00 3.000000000000000000e+00 3.000000000000000000e+00 3.000000000000000000e+00 3.000000000000000000e+00 3.000000000000000000e+00 3.000000000000000000e+00 3.000000000000000000e+00 3.000000000000000000e+00 3.000000000000000000e+00 3.000000000000000000e+00 3.000000000000000000e+00 3.000000000000000000e+00 4.000000000000000000e+00 4.000000000000000000e+00 3.000000000000000000e+00 2.000000000000000000e+00 3.000000000000000000e+00 3.000000000000000000e+00 3.000000000000000000e+00 3.000000000000000000e+00 3.000000000000000000e+00 3.000000000000000000e+00 3.000000000000000000e+00 3.000000000000000000e+00 2.000000000000000000e+00 2.000000000000000000e+00 3.000000000000000000e+00 4.000000000000000000e+00 3.000000000000000000e+00 3.000000000000000000e+00 3.000000000000000000e+00 7.000000000000000000e+00 7.000000000000000000e+00 7.000000000000000000e+00 7.000000000000000000e+00 7.000000000000000000e+00 7.000000000000000000e+00 3.000000000000000000e+00 3.000000000000000000e+00 3.000000000000000000e+00 2.000000000000000000e+00 2.000000000000000000e+00 2.000000000000000000e+00 2.000000000000000000e+00 3.000000000000000000e+00 3.000000000000000000e+00 8.000000000000000000e+00 3.000000000000000000e+00 3.000000000000000000e+00 3.000000000000000000e+00 3.000000000000000000e+00 3.000000000000000000e+00 3.000000000000000000e+00 2.000000000000000000e+00 2.000000000000000000e+00 3.000000000000000000e+00 4.000000000000000000e+00 5.000000000000000000e+00 2.000000000000000000e+00 2.000000000000000000e+00 3.000000000000000000e+00 2.000000000000000000e+00 6.000000000000000000e+00 3.000000000000000000e+00 2.000000000000000000e+00 2.550000000000000000e+02 2.550000000000000000e+02 2.550000000000000000e+02 2.550000000000000000e+02 2.550000000000000000e+02 2.550000000000000000e+02
2.550000000000000000e+02 2.550000000000000000e+02 2.550000000000000000e+02 2.550000000000000000e+02 2.550000000000000000e+02 2.550000000000000000e+02 2.550000000000000000e+02 2.550000000000000000e+02 2.550000000000000000e+02 2.550000000000000000e+02 2.550000000000000000e+02 2.550000000000000000e+02 2.550000000000000000e+02 2.550000000000000000e+02 2.550000000000000000e+02 2.550000000000000000e+02 2.550000000000000000e+02 2.550000000000000000e+02 7.000000000000000000e+00 7.000000000000000000e+00 7.000000000000000000e+00 7.000000000000000000e+00 7.000000000000000000e+00 7.000000000000000000e+00 7.000000000000000000e+00 7.000000000000000000e+00 7.000000000000000000e+00 7.000000000000000000e+00 7.000000000000000000e+00 4.000000000000000000e+00 3.000000000000000000e+00 3.000000000000000000e+00 3.000000000000000000e+00 3.000000000000000000e+00 3.000000000000000000e+00 3.000000000000000000e+00 3.000000000000000000e+00 3.000000000000000000e+00 3.000000000000000000e+00 3.000000000000000000e+00 3.000000000000000000e+00 3.000000000000000000e+00 3.000000000000000000e+00 3.000000000000000000e+00 3.000000000000000000e+00 4.000000000000000000e+00 4.000000000000000000e+00 4.000000000000000000e+00 4.000000000000000000e+00 4.000000000000000000e+00 2.000000000000000000e+00 2.000000000000000000e+00 2.000000000000000000e+00 2.000000000000000000e+00 2.000000000000000000e+00 2.000000000000000000e+00 3.000000000000000000e+00 4.000000000000000000e+00 3.000000000000000000e+00 7.000000000000000000e+00 7.000000000000000000e+00 7.000000000000000000e+00 3.000000000000000000e+00 7.000000000000000000e+00 7.000000000000000000e+00 7.000000000000000000e+00 7.000000000000000000e+00 7.000000000000000000e+00 7.000000000000000000e+00 7.000000000000000000e+00 7.000000000000000000e+00 7.000000000000000000e+00 3.000000000000000000e+00 3.000000000000000000e+00 2.000000000000000000e+00 2.000000000000000000e+00 3.000000000000000000e+00 3.000000000000000000e+00 4.000000000000000000e+00 4.000000000000000000e+00 3.000000000000000000e+00 8.000000000000000000e+00 3.000000000000000000e+00 3.000000000000000000e+00 3.000000000000000000e+00 4.000000000000000000e+00 3.000000000000000000e+00 3.000000000000000000e+00 2.000000000000000000e+00 2.000000000000000000e+00 2.000000000000000000e+00 5.000000000000000000e+00 5.000000000000000000e+00 2.000000000000000000e+00 3.000000000000000000e+00 4.000000000000000000e+00 3.000000000000000000e+00 6.000000000000000000e+00 3.000000000000000000e+00 3.000000000000000000e+00 2.550000000000000000e+02 2.550000000000000000e+02 2.550000000000000000e+02 2.550000000000000000e+02 2.550000000000000000e+02 2.550000000000000000e+02
2.550000000000000000e+02 2.550000000000000000e+02 2.550000000000000000e+02 2.550000000000000000e+02 2.550000000000000000e+02 2.550000000000000000e+02 2.550000000000000000e+02 2.550000000000000000e+02 2.550000000000000000e+02 2.550000000000000000e+02 2.550000000000000000e+02 2.550000000000000000e+02 2.550000000000000000e+02 2.550000000000000000e+02 2.550000000000000000e+02 2.550000000000000000e+02 2.550000000000000000e+02 2.550000000000000000e+02 7.000000000000000000e+00 7.000000000000000000e+00 7.000000000000000000e+00 7.000000000000000000e+00 7.000000000000000000e+00 7.000000000000000000e+00 7.000000000000000000e+00 7.000000000000000000e+00 7.000000000000000000e+00 7.000000000000000000e+00 7.000000000000000000e+00 4.000000000000000000e+00 4.000000000000000000e+00 4.000000000000000000e+00 3.000000000000000000e+00 3.000000000000000000e+00 3.000000000000000000e+00 3.000000000000000000e+00 3.000000000000000000e+00 4.000000000000000000e+00 3.000000000000000000e+00 3.000000000000000000e+00 3.000000000000000000e+00 3.000000000000000000e+00 3.000000000000000000e+00 3.000000000000000000e+00 3.000000000000000000e+00 3.000000000000000000e+00 4.000000000000000000e+00 4.000000000000000000e+00 4.000000000000000000e+00 3.000000000000000000e+00 2.000000000000000000e+00 2.000000000000000000e+00 2.000000000000000000e+00 2.000000000000000000e+00 2.000000000000000000e+00 2.000000000000000000e+00 2.000000000000000000e+00 7.000000000000000000e+00 7.000000000000000000e+00 7.000000000000000000e+00 7.000000000000000000e+00 7.000000000000000000e+00 7.000000000000000000e+00 7.000000000000000000e+00 7.000000000000000000e+00 7.000000000000000000e+00 7.000000000000000000e+00 7.000000000000000000e+00 7.000000000000000000e+00 7.000000000000000000e+00 7.000000000000000000e+00 7.000000000000000000e+00 3.000000000000000000e+00 3.000000000000000000e+00 2.000000000000000000e+00 2.000000000000000000e+00 3.000000000000000000e+00 3.000000000000000000e+00 4.000000000000000000e+00 4.000000000000000000e+00 3.000000000000000000e+00 3.000000000000000000e+00 3.000000000000000000e+00 3.000000000000000000e+00 3.000000000000000000e+00 4.000000000000000000e+00 3.000000000000000000e+00 3.000000000000000000e+00 3.000000000000000000e+00 3.000000000000000000e+00 3.000000000000000000e+00 5.000000000000000000e+00 2.000000000000000000e+00 3.000000000000000000e+00 4.000000000000000000e+00 4.000000000000000000e+00 4.000000000000000000e+00 6.000000000000000000e+00 3.000000000000000000e+00 3.000000000000000000e+00 2.550000000000000000e+02 2.550000000000000000e+02 2.550000000000000000e+02 2.550000000000000000e+02 2.550000000000000000e+02 2.550000000000000000e+02
2.550000000000000000e+02 2.550000000000000000e+02 2.550000000000000000e+02 2.550000000000000000e+02 2.550000000000000000e+02 2.550000000000000000e+02 2.550000000000000000e+02 2.550000000000000000e+02 2.550000000000000000e+02 2.550000000000000000e+02 2.550000000000000000e+02 2.550000000000000000e+02 2.550000000000000000e+02 2.550000000000000000e+02 2.550000000000000000e+02 2.550000000000000000e+02 2.550000000000000000e+02 2.550000000000000000e+02 7.000000000000000000e+00 7.000000000000000000e+00 7.000000000000000000e+00 7.000000000000000000e+00 7.000000000000000000e+00 7.000000000000000000e+00 7.000000000000000000e+00 7.000000000000000000e+00 7.000000000000000000e+00 7.000000000000000000e+00 4.000000000000000000e+00 4.000000000000000000e+00 3.000000000000000000e+00 4.000000000000000000e+00 3.000000000000000000e+00 3.000000000000000000e+00 3.000000000000000000e+00 3.000000000000000000e+00 3.000000000000000000e+00 3.000000000000000000e+00 3.000000000000000000e+00 3.000000000000000000e+00 3.000000000000000000e+00 3.000000000000000000e+00 3.000000000000000000e+00 3.000000000000000000e+00 2.000000000000000000e+00 2.000000000000000000e+00 4.000000000000000000e+00 4.000000000000000000e+00 3.000000000000000000e+00 4.000000000000000000e+00 3.000000000000000000e+00 2.000000000000000000e+00 2.000000000000000000e+00 2.000000000000000000e+00 2.000000000000000000e+00 2.000000000000000000e+00 2.000000000000000000e+00 7.000000000000000000e+00 7.000000000000000000e+00 7.000000000000000000e+00 7.000000000000000000e+00 7.000000000000000000e+00 7.000000000000000000e+00 7.000000000000000000e+00 7.000000000000000000e+00 7.000000000000000000e+00 7.000000000000000000e+00 7.000000000000000000e+00 7.000000000000000000e+00 7.000000000000000000e+00 3.000000000000000000e+00 3.000000000000000000e+00 3.000000000000000000e+00 3.000000000000000000e+00 3.000000000000000000e+00 3.000000000000000000e+00 3.000000000000000000e+00 4.000000000000000000e+00 4.000000000000000000e+00 4.000000000000000000e+00 4.000000000000000000e+00 4.000000000000000000e+00 3.000000000000000000e+00 3.000000000000000000e+00 3.000000000000000000e+00 4.000000000000000000e+00 3.000000000000000000e+00 4.000000000000000000e+00 3.000000000000000000e+00 3.000000000000000000e+00 3.000000000000000000e+00 5.000000000000000000e+00 3.000000000000000000e+00 2.000000000000000000e+00 2.000000000000000000e+00 4.000000000000000000e+00 4.000000000000000000e+00 3.000000000000000000e+00 3.000000000000000000e+00 2.000000000000000000e+00 3.000000000000000000e+00 3.000000000000000000e+00 2.550000000000000000e+02 2.550000000000000000e+02 2.550000000000000000e+02 2.550000000000000000e+02
2.550000000000000000e+02 2.550000000000000000e+02 2.550000000000000000e+02 2.550000000000000000e+02 2.550000000000000000e+02 2.550000000000000000e+02 2.550000000000000000e+02 2.550000000000000000e+02 2.550000000000000000e+02 2.550000000000000000e+02 2.550000000000000000e+02 2.550000000000000000e+02 2.550000000000000000e+02 2.550000000000000000e+02 2.550000000000000000e+02 2.550000000000000000e+02 2.550000000000000000e+02 7.000000000000000000e+00 7.000000000000000000e+00 7.000000000000000000e+00 7.000000000000000000e+00 7.000000000000000000e+00 7.000000000000000000e+00 7.000000000000000000e+00 7.000000000000000000e+00 7.000000000000000000e+00 7.000000000000000000e+00 7.000000000000000000e+00 3.000000000000000000e+00 4.000000000000000000e+00 4.000000000000000000e+00 3.000000000000000000e+00 3.000000000000000000e+00 3.000000000000000000e+00 4.000000000000000000e+00 4.000000000000000000e+00 4.000000000000000000e+00 4.000000000000000000e+00 3.000000000000000000e+00 3.000000000000000000e+00 3.000000000000000000e+00 3.000000000000000000e+00 4.000000000000000000e+00 4.000000000000000000e+00 4.000000000000000000e+00 4.000000000000000000e+00 3.000000000000000000e+00 3.000000000000000000e+00 3.000000000000000000e+00 2.000000000000000000e+00 4.000000000000000000e+00 4.000000000000000000e+00 4.000000000000000000e+00 4.000000000000000000e+00 4.000000000000000000e+00 2.000000000000000000e+00 2.000000000000000000e+00 3.000000000000000000e+00 7.000000000000000000e+00 7.000000000000000000e+00 7.000000000000000000e+00 7.000000000000000000e+00 7.000000000000000000e+00 7.000000000000000000e+00 7.000000000000000000e+00 7.000000000000000000e+00 7.000000000000000000e+00 7.000000000000000000e+00 7.000000000000000000e+00 7.000000000000000000e+00 3.000000000000000000e+00 3.000000000000000000e+00 7.000000000000000000e+00 7.000000000000000000e+00 7.000000000000000000e+00 7.000000000000000000e+00 7.000000000000000000e+00 7.000000000000000000e+00 4.000000000000000000e+00 4.000000000000000000e+00 4.000000000000000000e+00 4.000000000000000000e+00 3.000000000000000000e+00 3.000000000000000000e+00 3.000000000000000000e+00 4.000000000000000000e+00 4.000000000000000000e+00 3.000000000000000000e+00 3.000000000000000000e+00 3.000000000000000000e+00 3.000000000000000000e+00 5.000000000000000000e+00 2.000000000000000000e+00 2.000000000000000000e+00 3.000000000000000000e+00 2.000000000000000000e+00 3.000000000000000000e+00 3.000000000000000000e+00 3.000000000000000000e+00 3.000000000000000000e+00 2.000000000000000000e+00 2.000000000000000000e+00 2.550000000000000000e+02 2.550000000000000000e+02 2.550000000000000000e+02 2.550000000000000000e+02
2.550000000000000000e+02 2.550000000000000000e+02 2.550000000000000000e+02 2.550000000000000000e+02 2.550000000000000000e+02 2.550000000000000000e+02 2.550000000000000000e+02 2.550000000000000000e+02 2.550000000000000000e+02 2.550000000000000000e+02 2.550000000000000000e+02 2.550000000000000000e+02 2.550000000000000000e+02 2.550000000000000000e+02 2.550000000000000000e+02 2.550000000000000000e+02 2.550000000000000000e+02 7.000000000000000000e+00 7.000000000000000000e+00 7.000000000000000000e+00 7.000000000000000000e+00 7.000000000000000000e+00 7.000000000000000000e+00 7.000000000000000000e+00 7.000000000000000000e+00 7.000000000000000000e+00 7.000000000000000000e+00 7.000000000000000000e+00 3.000000000000000000e+00 4.000000000000000000e+00 3.000000000000000000e+00 3.000000000000000000e+00 3.000000000000000000e+00 3.000000000000000000e+00 3.000000000000000000e+00 3.000000000000000000e+00 3.000000000000000000e+00 3.000000000000000000e+00 3.000000000000000000e+00 4.000000000000000000e+00 4.000000000000000000e+00 4.000000000000000000e+00 3.000000000000000000e+00 4.000000000000000000e+00 3.000000000000000000e+00 4.000000000000000000e+00 4.000000000000000000e+00 3.000000000000000000e+00 3.000000000000000000e+00 2.000000000000000000e+00 3.000000000000000000e+00 4.000000000000000000e+00 4.000000000000000000e+00 4.000000000000000000e+00 4.000000000000000000e+00 3.000000000000000000e+00 2.000000000000000000e+00 7.000000000000000000e+00 7.000000000000000000e+00 7.000000000000000000e+00 7.000000000000000000e+00 7.000000000000000000e+00 7.000000000000000000e+00 7.000000000000000000e+00 7.000000000000000000e+00 7.000000000000000000e+00 7.000000000000000000e+00 7.000000000000000000e+00 7.000000000000000000e+00 7.000000000000000000e+00 3.000000000000000000e+00 3.000000000000000000e+00 7.000000000000000000e+00 7.000000000000000000e+00 7.000000000000000000e+00 7.000000000000000000e+00 7.000000000000000000e+00 7.000000000000000000e+00 3.000000000000000000e+00 3.000000000000000000e+00 3.000000000000000000e+00 8.000000000000000000e+00 4.000000000000000000e+00 4.000000000000000000e+00 4.000000000000000000e+00 3.000000000000000000e+00 3.000000000000000000e+00 3.000000000000000000e+00 4.000000000000000000e+00 2.000000000000000000e+00 2.000000000000000000e+00 5.000000000000000000e+00 3.000000000000000000e+00 2.000000000000000000e+00 3.000000000000000000e+00 3.000000000000000000e+00 3.000000000000000000e+00 3.000000000000000000e+00 3.000000000000000000e+00 3.000000000000000000e+00 3.000000000000000000e+00 2.000000000000000000e+00 2.550000000000000000e+02 2.550000000000000000e+02 2.550000000000000000e+02 2.550000000000000000e+02
2.550000000000000000e+02 2.550000000000000000e+02 2.550000000000000000e+02 2.550000000000000000e+02 2.550000000000000000e+02 2.550000000000000000e+02 2.550000000000000000e+02 2.550000000000000000e+02 2.550000000000000000e+02 2.550000000000000000e+02 2.550000000000000000e+02 2.550000000000000000e+02 2.550000000000000000e+02 3.000000000000000000e+00 4.000000000000000000e+00 3.000000000000000000e+00 3.000000000000000000e+00 7.000000000000000000e+00 7.000000000000000000e+00 4.000000000000000000e+00 4.000000000000000000e+00 4.000000000000000000e+00 4.000000000000000000e+00 4.000000000000000000e+00 4.000000000000000000e+00 4.000000000000000000e+00 7.000000000000000000e+00 7.000000000000000000e+00 4.000000000000000000e+00 4.000000000000000000e+00 4.000000000000000000e+00 3.000000000000000000e+00 3.000000000000000000e+00 3.000000000000000000e+00 4.000000000000000000e+00 4.000000000000000000e+00 3.000000000000000000e+00 4.000000000000000000e+00 3.000000000000000000e+00 3.000000000000000000e+00 3.000000000000000000e+00 4.000000000000000000e+00 4.000000000000000000e+00 4.000000000000000000e+00 4.000000000000000000e+00 3.000000000000000000e+00 4.000000000000000000e+00 4.000000000000000000e+00 3.000000000000000000e+00 3.000000000000000000e+00 3.000000000000000000e+00 4.000000000000000000e+00 4.000000000000000000e+00 4.000000000000000000e+00 4.000000000000000000e+00 3.000000000000000000e+00 2.000000000000000000e+00 7.000000000000000000e+00 7.000000000000000000e+00 7.000000000000000000e+00 7.000000000000000000e+00 7.000000000000000000e+00 7.000000000000000000e+00 7.000000000000000000e+00 7.000000000000000000e+00 7.000000000000000000e+00 7.000000000000000000e+00 7.000000000000000000e+00 7.000000000000000000e+00 3.000000000000000000e+00 3.000000000000000000e+00 3.000000000000000000e+00 7.000000000000000000e+00 7.000000000000000000e+00 7.000000000000000000e+00 7.000000000000000000e+00 7.000000000000000000e+00 7.000000000000000000e+00 3.000000000000000000e+00 3.000000000000000000e+00 3.000000000000000000e+00 8.000000000000000000e+00 4.000000000000000000e+00 3.000000000000000000e+00 3.000000000000000000e+00 4.000000000000000000e+00 3.000000000000000000e+00 3.000000000000000000e+00 4.000000000000000000e+00 2.000000000000000000e+00 2.000000000000000000e+00 5.000000000000000000e+00 2.000000000000000000e+00 3.000000000000000000e+00 3.000000000000000000e+00 2.000000000000000000e+00 3.000000000000000000e+00 3.000000000000000000e+00 3.000000000000000000e+00 3.000000000000000000e+00 3.000000000000000000e+00 2.000000000000000000e+00 2.550000000000000000e+02 2.550000000000000000e+02 2.550000000000000000e+02 2.550000000000000000e+02
2.550000000000000000e+02 2.550000000000000000e+02 2.550000000000000000e+02 2.550000000000000000e+02 2.550000000000000000e+02 2.550000000000000000e+02 2.550000000000000000e+02 2.550000000000000000e+02 2.550000000000000000e+02 2.550000000000000000e+02 2.550000000000000000e+02 2.550000000000000000e+02 2.550000000000000000e+02 4.000000000000000000e+00 3.000000000000000000e+00 3.000000000000000000e+00 3.000000000000000000e+00 3.000000000000000000e+00 3.000000000000000000e+00 4.000000000000000000e+00 4.000000000000000000e+00 4.000000000000000000e+00 4.000000000000000000e+00 3.000000000000000000e+00 3.000000000000000000e+00 4.000000000000000000e+00 7.000000000000000000e+00 7.000000000000000000e+00 4.000000000000000000e+00 3.000000000000000000e+00 3.000000000000000000e+00 3.000000000000000000e+00 3.000000000000000000e+00 4.000000000000000000e+00 4.000000000000000000e+00 4.000000000000000000e+00 3.000000000000000000e+00 3.000000000000000000e+00 4.000000000000000000e+00 4.000000000000000000e+00 4.000000000000000000e+00 3.000000000000000000e+00 4.000000000000000000e+00 4.000000000000000000e+00 4.000000000000000000e+00 4.000000000000000000e+00 4.000000000000000000e+00 4.000000000000000000e+00 4.000000000000000000e+00 4.000000000000000000e+00 3.000000000000000000e+00 4.000000000000000000e+00 3.000000000000000000e+00 3.000000000000000000e+00 4.000000000000000000e+00 2.000000000000000000e+00 3.000000000000000000e+00 3.000000000000000000e+00 7.000000000000000000e+00 7.000000000000000000e+00 7.000000000000000000e+00 7.000000000000000000e+00 7.000000000000000000e+00 7.000000000000000000e+00 7.000000000000000000e+00 7.000000000000000000e+00 7.000000000000000000e+00 7.000000000000000000e+00 7.000000000000000000e+00 3.000000000000000000e+00 3.000000000000000000e+00 3.000000000000000000e+00 7.000000000000000000e+00 7.000000000000000000e+00 7.000000000000000000e+00 7.000000000000000000e+00 7.000000000000000000e+00 7.000000000000000000e+00 3.000000000000000000e+00 8.000000000000000000e+00 8.000000000000000000e+00 8.000000000000000000e+00 3.000000000000000000e+00 3.000000000000000000e+00 6.000000000000000000e+00 6.000000000000000000e+00 3.000000000000000000e+00 3.000000000000000000e+00 3.000000000000000000e+00 2.000000000000000000e+00 3.000000000000000000e+00 5.000000000000000000e+00 2.000000000000000000e+00 3.000000000000000000e+00 2.000000000000000000e+00 3.000000000000000000e+00 2.000000000000000000e+00 3.000000000000000000e+00 3.000000000000000000e+00 3.000000000000000000e+00 2.000000000000000000e+00 3.000000000000000000e+00 2.550000000000000000e+02 2.550000000000000000e+02 2.550000000000000000e+02 2.550000000000000000e+02
2.550000000000000000e+02 2.550000000000000000e+02 2.550000000000000000e+02 2.550000000000000000e+02 2.550000000000000000e+02 2.550000000000000000e+02 2.550000000000000000e+02 2.550000000000000000e+02 2.550000000000000000e+02 2.550000000000000000e+02 2.550000000000000000e+02 2.550000000000000000e+02 4.000000000000000000e+00 3.000000000000000000e+00 4.000000000000000000e+00 4.000000000000000000e+00 4.000000000000000000e+00 4.000000000000000000e+00 4.000000000000000000e+00 4.000000000000000000e+00 4.000000000000000000e+00 4.000000000000000000e+00 4.000000000000000000e+00 4.000000000000000000e+00 3.000000000000000000e+00 3.000000000000000000e+00 4.000000000000000000e+00 4.000000000000000000e+00 4.000000000000000000e+00 3.000000000000000000e+00 4.000000000000000000e+00 3.000000000000000000e+00 3.000000000000000000e+00 4.000000000000000000e+00 4.000000000000000000e+00 4.000000000000000000e+00 4.000000000000000000e+00 4.000000000000000000e+00 4.000000000000000000e+00 4.000000000000000000e+00 4.000000000000000000e+00 4.000000000000000000e+00 4.000000000000000000e+00 4.000000000000000000e+00 4.000000000000000000e+00 4.000000000000000000e+00 4.000000000000000000e+00 4.000000000000000000e+00 4.000000000000000000e+00 4.000000000000000000e+00 4.000000000000000000e+00 3.000000000000000000e+00 3.000000000000000000e+00 2.000000000000000000e+00 2.000000000000000000e+00 2.000000000000000000e+00 2.000000000000000000e+00 2.000000000000000000e+00 7.000000000000000000e+00 7.000000000000000000e+00 7.000000000000000000e+00 7.000000000000000000e+00 7.000000000000000000e+00 7.000000000000000000e+00 7.000000000000000000e+00 7.000000000000000000e+00 7.000000000000000000e+00 7.000000000000000000e+00 3.000000000000000000e+00 3.000000000000000000e+00 2.000000000000000000e+00 2.000000000000000000e+00 7.000000000000000000e+00 7.000000000000000000e+00 7.000000000000000000e+00 7.000000000000000000e+00 7.000000000000000000e+00 7.000000000000000000e+00 3.000000000000000000e+00 8.000000000000000000e+00 4.000000000000000000e+00 3.000000000000000000e+00 3.000000000000000000e+00 6.000000000000000000e+00 6.000000000000000000e+00 6.000000000000000000e+00 3.000000000000000000e+00 3.000000000000000000e+00 3.000000000000000000e+00 3.000000000000000000e+00 3.000000000000000000e+00 5.000000000000000000e+00 2.000000000000000000e+00 2.000000000000000000e+00 2.000000000000000000e+00 2.000000000000000000e+00 3.000000000000000000e+00 3.000000000000000000e+00 3.000000000000000000e+00 3.000000000000000000e+00 3.000000000000000000e+00 2.000000000000000000e+00 2.550000000000000000e+02 2.550000000000000000e+02 2.550000000000000000e+02 2.550000000000000000e+02
2.550000000000000000e+02 2.550000000000000000e+02 2.550000000000000000e+02 2.550000000000000000e+02 2.550000000000000000e+02 2.550000000000000000e+02 2.550000000000000000e+02 2.550000000000000000e+02 2.550000000000000000e+02 2.550000000000000000e+02 2.550000000000000000e+02 2.550000000000000000e+02 4.000000000000000000e+00 3.000000000000000000e+00 3.000000000000000000e+00 4.000000000000000000e+00 4.000000000000000000e+00 4.000000000000000000e+00 4.000000000000000000e+00 4.000000000000000000e+00 4.000000000000000000e+00 4.000000000000000000e+00 4.000000000000000000e+00 4.000000000000000000e+00 4.000000000000000000e+00 4.000000000000000000e+00 3.000000000000000000e+00 4.000000000000000000e+00 3.000000000000000000e+00 4.000000000000000000e+00 4.000000000000000000e+00 4.000000000000000000e+00 4.000000000000000000e+00 4.000000000000000000e+00 4.000000000000000000e+00 4.000000000000000000e+00 3.000000000000000000e+00 4.000000000000000000e+00 3.000000000000000000e+00 3.000000000000000000e+00 4.000000000000000000e+00 4.000000000000000000e+00 4.000000000000000000e+00 4.000000000000000000e+00 4.000000000000000000e+00 4.000000000000000000e+00 3.000000000000000000e+00 4.000000000000000000e+00 4.000000000000000000e+00 4.000000000000000000e+00 4.000000000000000000e+00 4.000000000000000000e+00 3.000000000000000000e+00 4.000000000000000000e+00 3.000000000000000000e+00 3.000000000000000000e+00 2.000000000000000000e+00 2.000000000000000000e+00 2.000000000000000000e+00 3.000000000000000000e+00 7.000000000000000000e+00 7.000000000000000000e+00 7.000000000000000000e+00 7.000000000000000000e+00 7.000000000000000000e+00 7.000000000000000000e+00 7.000000000000000000e+00 7.000000000000000000e+00 3.000000000000000000e+00 2.000000000000000000e+00 2.000000000000000000e+00 2.000000000000000000e+00 2.000000000000000000e+00 3.000000000000000000e+00 7.000000000000000000e+00 7.000000000000000000e+00 7.000000000000000000e+00 7.000000000000000000e+00 4.000000000000000000e+00 8.000000000000000000e+00 4.000000000000000000e+00 4.000000000000000000e+00 4.000000000000000000e+00 6.000000000000000000e+00 6.000000000000000000e+00 6.000000000000000000e+00 4.000000000000000000e+00 4.000000000000000000e+00 4.000000000000000000e+00 3.000000000000000000e+00 2.000000000000000000e+00 5.000000000000000000e+00 3.000000000000000000e+00 3.000000000000000000e+00 3.000000000000000000e+00 2.000000000000000000e+00 3.000000000000000000e+00 3.000000000000000000e+00 3.000000000000000000e+00 3.000000000000000000e+00 3.000000000000000000e+00 3.000000000000000000e+00 2.550000000000000000e+02 2.550000000000000000e+02 2.550000000000000000e+02 2.550000000000000000e+02
2.550000000000000000e+02 2.550000000000000000e+02 2.550000000000000000e+02 2.550000000000000000e+02 2.550000000000000000e+02 2.550000000000000000e+02 2.550000000000000000e+02 2.550000000000000000e+02 2.550000000000000000e+02 2.550000000000000000e+02 2.550000000000000000e+02 2.550000000000000000e+02 3.000000000000000000e+00 3.000000000000000000e+00 4.000000000000000000e+00 4.000000000000000000e+00 4.000000000000000000e+00 4.000000000000000000e+00 4.000000000000000000e+00 4.000000000000000000e+00 4.000000000000000000e+00 4.000000000000000000e+00 4.000000000000000000e+00 4.000000000000000000e+00 4.000000000000000000e+00 4.000000000000000000e+00 3.000000000000000000e+00 4.000000000000000000e+00 3.000000000000000000e+00 3.000000000000000000e+00 3.000000000000000000e+00 4.000000000000000000e+00 4.000000000000000000e+00 3.000000000000000000e+00 4.000000000000000000e+00 4.000000000000000000e+00 4.000000000000000000e+00 4.000000000000000000e+00 4.000000000000000000e+00 4.000000000000000000e+00 4.000000000000000000e+00 4.000000000000000000e+00 4.000000000000000000e+00 4.000000000000000000e+00 4.000000000000000000e+00 4.000000000000000000e+00 3.000000000000000000e+00 4.000000000000000000e+00 4.000000000000000000e+00 4.000000000000000000e+00 4.000000000000000000e+00 4.000000000000000000e+00 3.000000000000000000e+00 3.000000000000000000e+00 3.000000000000000000e+00 4.000000000000000000e+00 3.000000000000000000e+00 2.000000000000000000e+00 2.000000000000000000e+00 2.000000000000000000e+00 3.000000000000000000e+00 7.000000000000000000e+00 3.000000000000000000e+00 7.000000000000000000e+00 7.000000000000000000e+00 7.000000000000000000e+00 7.000000000000000000e+00 7.000000000000000000e+00 3.000000000000000000e+00 2.000000000000000000e+00 2.000000000000000000e+00 2.000000000000000000e+00 2.000000000000000000e+00 3.000000000000000000e+00 7.000000000000000000e+00 7.000000000000000000e+00 7.000000000000000000e+00 7.000000000000000000e+00 4.000000000000000000e+00 8.000000000000000000e+00 4.000000000000000000e+00 3.000000000000000000e+00 3.000000000000000000e+00 4.000000000000000000e+00 4.000000000000000000e+00 3.000000000000000000e+00 3.000000000000000000e+00 4.000000000000000000e+00 4.000000000000000000e+00 3.000000000000000000e+00 5.000000000000000000e+00 5.000000000000000000e+00 2.000000000000000000e+00 2.000000000000000000e+00 2.000000000000000000e+00 3.000000000000000000e+00 3.000000000000000000e+00 3.000000000000000000e+00 3.000000000000000000e+00 3.000000000000000000e+00 3.000000000000000000e+00 3.000000000000000000e+00 2.550000000000000000e+02 2.550000000000000000e+02 2.550000000000000000e+02 2.550000000000000000e+02
2.550000000000000000e+02 2.550000000000000000e+02 2.550000000000000000e+02 2.550000000000000000e+02 2.550000000000000000e+02 2.550000000000000000e+02 2.550000000000000000e+02 2.550000000000000000e+02 2.550000000000000000e+02 2.550000000000000000e+02 2.550000000000000000e+02 2.550000000000000000e+02 3.000000000000000000e+00 3.000000000000000000e+00 4.000000000000000000e+00 4.000000000000000000e+00 4.000000000000000000e+00 4.000000000000000000e+00 4.000000000000000000e+00 4.000000000000000000e+00 4.000000000000000000e+00 4.000000000000000000e+00 4.000000000000000000e+00 3.000000000000000000e+00 4.000000000000000000e+00 4.000000000000000000e+00 4.000000000000000000e+00 4.000000000000000000e+00 4.000000000000000000e+00 4.000000000000000000e+00 4.000000000000000000e+00 4.000000000000000000e+00 4.000000000000000000e+00 4.000000000000000000e+00 4.000000000000000000e+00 4.000000000000000000e+00 4.000000000000000000e+00 4.000000000000000000e+00 4.000000000000000000e+00 4.000000000000000000e+00 4.000000000000000000e+00 4.000000000000000000e+00 4.000000000000000000e+00 4.000000000000000000e+00 4.000000000000000000e+00 4.000000000000000000e+00 4.000000000000000000e+00 4.000000000000000000e+00 4.000000000000000000e+00 4.000000000000000000e+00 4.000000000000000000e+00 3.000000000000000000e+00 3.000000000000000000e+00 3.000000000000000000e+00 4.000000000000000000e+00 3.000000000000000000e+00 2.000000000000000000e+00 3.000000000000000000e+00 3.000000000000000000e+00 3.000000000000000000e+00 4.000000000000000000e+00 3.000000000000000000e+00 4.000000000000000000e+00 7.000000000000000000e+00 3.000000000000000000e+00 3.000000000000000000e+00 3.000000000000000000e+00 3.000000000000000000e+00 3.000000000000000000e+00 2.000000000000000000e+00 2.000000000000000000e+00 3.000000000000000000e+00 2.000000000000000000e+00 2.000000000000000000e+00 3.000000000000000000e+00 7.000000000000000000e+00 3.000000000000000000e+00 3.000000000000000000e+00 3.000000000000000000e+00 8.000000000000000000e+00 3.000000000000000000e+00 3.000000000000000000e+00 3.000000000000000000e+00 3.000000000000000000e+00 3.000000000000000000e+00 3.000000000000000000e+00 3.000000000000000000e+00 3.000000000000000000e+00 3.000000000000000000e+00 3.000000000000000000e+00 5.000000000000000000e+00 2.000000000000000000e+00 2.000000000000000000e+00 2.000000000000000000e+00 2.000000000000000000e+00 2.000000000000000000e+00 3.000000000000000000e+00 3.000000000000000000e+00 3.000000000000000000e+00 2.000000000000000000e+00 3.000000000000000000e+00 2.000000000000000000e+00 2.550000000000000000e+02 2.550000000000000000e+02 2.550000000000000000e+02 2.550000000000000000e+02
2.550000000000000000e+02 2.550000000000000000e+02 2.550000000000000000e+02 2.550000000000000000e+02 2.550000000000000000e+02 2.550000000000000000e+02 2.550000000000000000e+02 2.550000000000000000e+02 2.550000000000000000e+02 2.550000000000000000e+02 2.550000000000000000e+02 3.000000000000000000e+00 3.000000000000000000e+00 4.000000000000000000e+00 4.000000000000000000e+00 4.000000000000000000e+00 4.000000000000000000e+00 3.000000000000000000e+00 3.000000000000000000e+00 4.000000000000000000e+00 3.000000000000000000e+00 3.000000000000000000e+00 3.000000000000000000e+00 4.000000000000000000e+00 4.000000000000000000e+00 4.000000000000000000e+00 3.000000000000000000e+00 3.000000000000000000e+00 3.000000000000000000e+00 4.000000000000000000e+00 3.000000000000000000e+00 3.000000000000000000e+00 4.000000000000000000e+00 4.000000000000000000e+00 4.000000000000000000e+00 4.000000000000000000e+00 4.000000000000000000e+00 3.000000000000000000e+00 4.000000000000000000e+00 3.000000000000000000e+00 4.000000000000000000e+00 4.000000000000000000e+00 4.000000000000000000e+00 4.000000000000000000e+00 4.000000000000000000e+00 4.000000000000000000e+00 4.000000000000000000e+00 4.000000000000000000e+00 4.000000000000000000e+00 4.000000000000000000e+00 4.000000000000000000e+00 4.000000000000000000e+00 4.000000000000000000e+00 3.000000000000000000e+00 2.000000000000000000e+00 3.000000000000000000e+00 3.000000000000000000e+00 2.000000000000000000e+00 3.000000000000000000e+00 2.000000000000000000e+00 2.000000000000000000e+00 3.000000000000000000e+00 4.000000000000000000e+00 4.000000000000000000e+00 3.000000000000000000e+00 3.000000000000000000e+00 3.000000000000000000e+00 3.000000000000000000e+00 3.000000000000000000e+00 2.000000000000000000e+00 2.000000000000000000e+00 3.000000000000000000e+00 2.000000000000000000e+00 2.000000000000000000e+00 3.000000000000000000e+00 3.000000000000000000e+00 3.000000000000000000e+00 3.000000000000000000e+00 3.000000000000000000e+00 3.000000000000000000e+00 3.000000000000000000e+00 3.000000000000000000e+00 3.000000000000000000e+00 3.000000000000000000e+00 3.000000000000000000e+00 3.000000000000000000e+00 3.000000000000000000e+00 3.000000000000000000e+00 3.000000000000000000e+00 3.000000000000000000e+00 5.000000000000000000e+00 2.000000000000000000e+00 2.000000000000000000e+00 2.000000000000000000e+00 2.000000000000000000e+00 2.000000000000000000e+00 3.000000000000000000e+00 3.000000000000000000e+00 3.000000000000000000e+00 2.000000000000000000e+00 3.000000000000000000e+00 2.000000000000000000e+00 2.550000000000000000e+02 2.550000000000000000e+02 2.550000000000000000e+02 2.550000000000000000e+02
2.550000000000000000e+02 2.550000000000000000e+02 2.550000000000000000e+02 2.550000000000000000e+02 2.550000000000000000e+02 2.550000000000000000e+02 2.550000000000000000e+02 2.550000000000000000e+02 2.550000000000000000e+02 2.550000000000000000e+02 2.550000000000000000e+02 3.000000000000000000e+00 3.000000000000000000e+00 4.000000000000000000e+00 4.000000000000000000e+00 4.000000000000000000e+00 4.000000000000000000e+00 3.000000000000000000e+00 3.000000000000000000e+00 4.000000000000000000e+00 3.000000000000000000e+00 3.000000000000000000e+00 3.000000000000000000e+00 4.000000000000000000e+00 4.000000000000000000e+00 4.000000000000000000e+00 3.000000000000000000e+00 3.000000000000000000e+00 3.000000000000000000e+00 4.000000000000000000e+00 3.000000000000000000e+00 3.000000000000000000e+00 4.000000000000000000e+00 4.000000000000000000e+00 4.000000000000000000e+00 4.000000000000000000e+00 4.000000000000000000e+00 3.000000000000000000e+00 4.000000000000000000e+00 3.000000000000000000e+00 4.000000000000000000e+00 4.000000000000000000e+00 4.000000000000000000e+00 4.000000000000000000e+00 4.000000000000000000e+00 4.000000000000000000e+00 4.000000000000000000e+00 4.000000000000000000e+00 4.000000000000000000e+00 4.000000000000000000e+00 4.000000000000000000e+00 4.000000000000000000e+00 4.000000000000000000e+00 3.000000000000000000e+00 2.000000000000000000e+00 3.000000000000000000e+00 3.000000000000000000e+00 2.000000000000000000e+00 3.000000000000000000e+00 2.000000000000000000e+00 2.000000000000000000e+00 2.000000000000000000e+00 3.000000000000000000e+00 3.000000000000000000e+00 3.000000000000000000e+00 3.000000000000000000e+00 2.000000000000000000e+00 3.000000000000000000e+00 2.000000000000000000e+00 3.000000000000000000e+00 3.000000000000000000e+00 3.000000000000000000e+00 3.000000000000000000e+00 2.000000000000000000e+00 2.000000000000000000e+00 3.000000000000000000e+00 3.000000000000000000e+00 3.000000000000000000e+00 3.000000000000000000e+00 3.000000000000000000e+00 3.000000000000000000e+00 3.000000000000000000e+00 3.000000000000000000e+00 3.000000000000000000e+00 3.000000000000000000e+00 3.000000000000000000e+00 3.000000000000000000e+00 3.000000000000000000e+00 3.000000000000000000e+00 3.000000000000000000e+00 5.000000000000000000e+00 2.000000000000000000e+00 2.000000000000000000e+00 2.000000000000000000e+00 2.000000000000000000e+00 3.000000000000000000e+00 3.000000000000000000e+00 3.000000000000000000e+00 3.000000000000000000e+00 2.000000000000000000e+00 2.000000000000000000e+00 2.000000000000000000e+00 2.550000000000000000e+02 2.550000000000000000e+02 2.550000000000000000e+02 2.550000000000000000e+02
2.550000000000000000e+02 2.550000000000000000e+02 2.550000000000000000e+02 2.550000000000000000e+02 2.550000000000000000e+02 2.550000000000000000e+02 2.550000000000000000e+02 2.550000000000000000e+02 2.550000000000000000e+02 2.550000000000000000e+02 2.550000000000000000e+02 3.000000000000000000e+00 4.000000000000000000e+00 3.000000000000000000e+00 4.000000000000000000e+00 4.000000000000000000e+00 4.000000000000000000e+00 3.000000000000000000e+00 4.000000000000000000e+00 4.000000000000000000e+00 3.000000000000000000e+00 3.000000000000000000e+00 3.000000000000000000e+00 4.000000000000000000e+00 3.000000000000000000e+00 4.000000000000000000e+00 3.000000000000000000e+00 3.000000000000000000e+00 3.000000000000000000e+00 3.000000000000000000e+00 2.000000000000000000e+00 4.000000000000000000e+00 4.000000000000000000e+00 4.000000000000000000e+00 4.000000000000000000e+00 4.000000000000000000e+00 4.000000000000000000e+00 3.000000000000000000e+00 3.000000000000000000e+00 4.000000000000000000e+00 4.000000000000000000e+00 4.000000000000000000e+00 3.000000000000000000e+00 4.000000000000000000e+00 4.000000000000000000e+00 4.000000000000000000e+00 4.000000000000000000e+00 4.000000000000000000e+00 4.000000000000000000e+00 4.000000000000000000e+00 3.000000000000000000e+00 4.000000000000000000e+00 4.000000000000000000e+00 4.000000000000000000e+00 3.000000000000000000e+00 3.000000000000000000e+00 3.000000000000000000e+00 2.000000000000000000e+00 2.000000000000000000e+00 2.000000000000000000e+00 2.000000000000000000e+00 3.000000000000000000e+00 3.000000000000000000e+00 4.000000000000000000e+00 3.000000000000000000e+00 4.000000000000000000e+00 3.000000000000000000e+00 3.000000000000000000e+00 2.000000000000000000e+00 3.000000000000000000e+00 3.000000000000000000e+00 3.000000000000000000e+00 3.000000000000000000e+00 3.000000000000000000e+00 3.000000000000000000e+00 9.000000000000000000e+00 9.000000000000000000e+00 3.000000000000000000e+00 4.000000000000000000e+00 3.000000000000000000e+00 4.000000000000000000e+00 4.000000000000000000e+00 3.000000000000000000e+00 3.000000000000000000e+00 3.000000000000000000e+00 3.000000000000000000e+00 3.000000000000000000e+00 3.000000000000000000e+00 3.000000000000000000e+00 2.000000000000000000e+00 5.000000000000000000e+00 2.000000000000000000e+00 6.000000000000000000e+00 3.000000000000000000e+00 3.000000000000000000e+00 2.000000000000000000e+00 2.000000000000000000e+00 2.000000000000000000e+00 3.000000000000000000e+00 3.000000000000000000e+00 2.000000000000000000e+00 2.000000000000000000e+00 2.550000000000000000e+02 2.550000000000000000e+02 2.550000000000000000e+02 2.550000000000000000e+02
2.550000000000000000e+02 2.550000000000000000e+02 2.550000000000000000e+02 2.550000000000000000e+02 2.550000000000000000e+02 2.550000000000000000e+02 2.550000000000000000e+02 2.550000000000000000e+02 2.550000000000000000e+02 2.550000000000000000e+02 2.550000000000000000e+02 2.550000000000000000e+02 4.000000000000000000e+00 3.000000000000000000e+00 4.000000000000000000e+00 3.000000000000000000e+00 3.000000000000000000e+00 3.000000000000000000e+00 4.000000000000000000e+00 4.000000000000000000e+00 3.000000000000000000e+00 4.000000000000000000e+00 4.000000000000000000e+00 4.000000000000000000e+00 4.000000000000000000e+00 4.000000000000000000e+00 4.000000000000000000e+00 4.000000000000000000e+00 3.000000000000000000e+00 3.000000000000000000e+00 4.000000000000000000e+00 3.000000000000000000e+00 3.000000000000000000e+00 4.000000000000000000e+00 4.000000000000000000e+00 4.000000000000000000e+00 4.000000000000000000e+00 4.000000000000000000e+00 3.000000000000000000e+00 4.000000000000000000e+00 4.000000000000000000e+00 3.000000000000000000e+00 3.000000000000000000e+00 4.000000000000000000e+00 3.000000000000000000e+00 3.000000000000000000e+00 3.000000000000000000e+00 4.000000000000000000e+00 4.000000000000000000e+00 3.000000000000000000e+00 4.000000000000000000e+00 3.000000000000000000e+00 3.000000000000000000e+00 3.000000000000000000e+00 4.000000000000000000e+00 3.000000000000000000e+00 3.000000000000000000e+00 3.000000000000000000e+00 2.000000000000000000e+00 2.000000000000000000e+00 2.000000000000000000e+00 2.000000000000000000e+00 3.000000000000000000e+00 3.000000000000000000e+00 3.000000000000000000e+00 4.000000000000000000e+00 3.000000000000000000e+00 3.000000000000000000e+00 2.000000000000000000e+00 2.000000000000000000e+00 2.000000000000000000e+00 3.000000000000000000e+00 3.000000000000000000e+00 3.000000000000000000e+00 3.000000000000000000e+00 9.000000000000000000e+00 4.000000000000000000e+00 4.000000000000000000e+00 6.000000000000000000e+00 6.000000000000000000e+00 4.000000000000000000e+00 4.000000000000000000e+00 4.000000000000000000e+00 4.000000000000000000e+00 4.000000000000000000e+00 3.000000000000000000e+00 3.000000000000000000e+00 3.000000000000000000e+00 3.000000000000000000e+00 3.000000000000000000e+00 5.000000000000000000e+00 2.000000000000000000e+00 6.000000000000000000e+00 3.000000000000000000e+00 3.000000000000000000e+00 2.000000000000000000e+00 2.000000000000000000e+00 2.000000000000000000e+00 2.000000000000000000e+00 2.000000000000000000e+00 2.000000000000000000e+00 2.000000000000000000e+00 2.550000000000000000e+02 2.550000000000000000e+02 2.550000000000000000e+02 2.550000000000000000e+02
2.550000000000000000e+02 2.550000000000000000e+02 2.550000000000000000e+02 2.550000000000000000e+02 2.550000000000000000e+02 2.550000000000000000e+02 2.550000000000000000e+02 2.550000000000000000e+02 2.550000000000000000e+02 2.550000000000000000e+02 2.550000000000000000e+02 2.550000000000000000e+02 3.000000000000000000e+00 3.000000000000000000e+00 4.000000000000000000e+00 4.000000000000000000e+00 4.000000000000000000e+00 3.000000000000000000e+00 4.000000000000000000e+00 4.000000000000000000e+00 4.000000000000000000e+00 4.000000000000000000e+00 3.000000000000000000e+00 4.000000000000000000e+00 4.000000000000000000e+00 4.000000000000000000e+00 4.000000000000000000e+00 4.000000000000000000e+00 3.000000000000000000e+00 4.000000000000000000e+00 4.000000000000000000e+00 3.000000000000000000e+00 4.000000000000000000e+00 3.000000000000000000e+00 4.000000000000000000e+00 4.000000000000000000e+00 4.000000000000000000e+00 4.000000000000000000e+00 4.000000000000000000e+00 4.000000000000000000e+00 4.000000000000000000e+00 4.000000000000000000e+00 4.000000000000000000e+00 4.000000000000000000e+00 3.000000000000000000e+00 3.000000000000000000e+00 3.000000000000000000e+00 3.000000000000000000e+00 3.000000000000000000e+00 3.000000000000000000e+00 3.000000000000000000e+00 3.000000000000000000e+00 3.000000000000000000e+00 3.000000000000000000e+00 3.000000000000000000e+00 2.000000000000000000e+00 2.000000000000000000e+00 2.000000000000000000e+00 3.000000000000000000e+00 2.000000000000000000e+00 2.000000000000000000e+00 2.000000000000000000e+00 2.000000000000000000e+00 2.000000000000000000e+00 2.000000000000000000e+00 3.000000000000000000e+00 3.000000000000000000e+00 2.000000000000000000e+00 2.000000000000000000e+00 2.000000000000000000e+00 2.000000000000000000e+00 3.000000000000000000e+00 2.000000000000000000e+00 2.000000000000000000e+00 2.000000000000000000e+00 9.000000000000000000e+00 3.000000000000000000e+00 4.000000000000000000e+00 6.000000000000000000e+00 6.000000000000000000e+00 4.000000000000000000e+00 4.000000000000000000e+00 4.000000000000000000e+00 4.000000000000000000e+00 4.000000000000000000e+00 4.000000000000000000e+00 3.000000000000000000e+00 3.000000000000000000e+00 2.000000000000000000e+00 3.000000000000000000e+00 5.000000000000000000e+00 2.000000000000000000e+00 3.000000000000000000e+00 3.000000000000000000e+00 3.000000000000000000e+00 2.000000000000000000e+00 2.000000000000000000e+00 2.000000000000000000e+00 2.000000000000000000e+00 2.000000000000000000e+00 2.000000000000000000e+00 2.550000000000000000e+02 2.550000000000000000e+02 2.550000000000000000e+02 2.550000000000000000e+02 2.550000000000000000e+02
2.550000000000000000e+02 2.550000000000000000e+02 2.550000000000000000e+02 2.550000000000000000e+02 2.550000000000000000e+02 2.550000000000000000e+02 2.550000000000000000e+02 2.550000000000000000e+02 2.550000000000000000e+02 2.550000000000000000e+02 2.550000000000000000e+02 2.550000000000000000e+02 3.000000000000000000e+00 4.000000000000000000e+00 4.000000000000000000e+00 4.000000000000000000e+00 4.000000000000000000e+00 4.000000000000000000e+00 4.000000000000000000e+00 4.000000000000000000e+00 4.000000000000000000e+00 4.000000000000000000e+00 4.000000000000000000e+00 4.000000000000000000e+00 4.000000000000000000e+00 4.000000000000000000e+00 4.000000000000000000e+00 4.000000000000000000e+00 4.000000000000000000e+00 3.000000000000000000e+00 4.000000000000000000e+00 3.000000000000000000e+00 3.000000000000000000e+00 3.000000000000000000e+00 2.000000000000000000e+00 2.000000000000000000e+00 3.000000000000000000e+00 4.000000000000000000e+00 4.000000000000000000e+00 3.000000000000000000e+00 4.000000000000000000e+00 4.000000000000000000e+00 4.000000000000000000e+00 3.000000000000000000e+00 3.000000000000000000e+00 3.000000000000000000e+00 3.000000000000000000e+00 3.000000000000000000e+00 4.000000000000000000e+00 3.000000000000000000e+00 4.000000000000000000e+00 3.000000000000000000e+00 3.000000000000000000e+00 3.000000000000000000e+00 2.000000000000000000e+00 3.000000000000000000e+00 3.000000000000000000e+00 2.000000000000000000e+00 2.000000000000000000e+00 3.000000000000000000e+00 2.000000000000000000e+00 2.000000000000000000e+00 2.000000000000000000e+00 2.000000000000000000e+00 2.000000000000000000e+00 2.000000000000000000e+00 3.000000000000000000e+00 2.000000000000000000e+00 2.000000000000000000e+00 2.000000000000000000e+00 2.000000000000000000e+00 2.000000000000000000e+00 2.000000000000000000e+00 2.000000000000000000e+00 3.000000000000000000e+00 9.000000000000000000e+00 2.000000000000000000e+00 2.000000000000000000e+00 6.000000000000000000e+00 6.000000000000000000e+00 4.000000000000000000e+00 4.000000000000000000e+00 4.000000000000000000e+00 4.000000000000000000e+00 4.000000000000000000e+00 3.000000000000000000e+00 3.000000000000000000e+00 3.000000000000000000e+00 2.000000000000000000e+00 3.000000000000000000e+00 5.000000000000000000e+00 2.000000000000000000e+00 3.000000000000000000e+00 3.000000000000000000e+00 3.000000000000000000e+00 2.000000000000000000e+00 2.000000000000000000e+00 2.000000000000000000e+00 2.000000000000000000e+00 2.000000000000000000e+00 2.000000000000000000e+00 2.550000000000000000e+02 2.550000000000000000e+02 2.550000000000000000e+02 2.550000000000000000e+02 2.550000000000000000e+02
2.550000000000000000e+02 2.550000000000000000e+02 2.550000000000000000e+02 2.550000000000000000e+02 2.550000000000000000e+02 2.550000000000000000e+02 2.550000000000000000e+02 2.550000000000000000e+02 2.550000000000000000e+02 2.550000000000000000e+02 2.550000000000000000e+02 2.550000000000000000e+02 4.000000000000000000e+00 3.000000000000000000e+00 3.000000000000000000e+00 4.000000000000000000e+00 4.000000000000000000e+00 4.000000000000000000e+00 4.000000000000000000e+00 4.000000000000000000e+00 4.000000000000000000e+00 4.000000000000000000e+00 4.000000000000000000e+00 4.000000000000000000e+00 4.000000000000000000e+00 3.000000000000000000e+00 4.000000000000000000e+00 4.000000000000000000e+00 4.000000000000000000e+00 3.000000000000000000e+00 3.000000000000000000e+00 3.000000000000000000e+00 3.000000000000000000e+00 3.000000000000000000e+00 4.000000000000000000e+00 3.000000000000000000e+00 4.000000000000000000e+00 4.000000000000000000e+00 4.000000000000000000e+00 4.000000000000000000e+00 4.000000000000000000e+00 4.000000000000000000e+00 4.000000000000000000e+00 3.000000000000000000e+00 4.000000000000000000e+00 3.000000000000000000e+00 4.000000000000000000e+00 4.000000000000000000e+00 4.000000000000000000e+00 4.000000000000000000e+00 4.000000000000000000e+00 3.000000000000000000e+00 3.000000000000000000e+00 3.000000000000000000e+00 2.000000000000000000e+00 3.000000000000000000e+00 2.000000000000000000e+00 2.000000000000000000e+00 2.000000000000000000e+00 2.000000000000000000e+00 3.000000000000000000e+00 2.000000000000000000e+00 2.000000000000000000e+00 2.000000000000000000e+00 2.000000000000000000e+00 2.000000000000000000e+00 2.000000000000000000e+00 2.000000000000000000e+00 3.000000000000000000e+00 2.000000000000000000e+00 2.000000000000000000e+00 2.000000000000000000e+00 2.000000000000000000e+00 2.000000000000000000e+00 2.000000000000000000e+00 9.000000000000000000e+00 2.000000000000000000e+00 2.000000000000000000e+00 3.000000000000000000e+00 6.000000000000000000e+00 3.000000000000000000e+00 3.000000000000000000e+00 3.000000000000000000e+00 3.000000000000000000e+00 3.000000000000000000e+00 3.000000000000000000e+00 3.000000000000000000e+00 3.000000000000000000e+00 2.000000000000000000e+00 3.000000000000000000e+00 5.000000000000000000e+00 2.000000000000000000e+00 3.000000000000000000e+00 3.000000000000000000e+00 2.000000000000000000e+00 2.000000000000000000e+00 2.000000000000000000e+00 2.000000000000000000e+00 2.000000000000000000e+00 2.000000000000000000e+00 2.000000000000000000e+00 2.550000000000000000e+02 2.550000000000000000e+02 2.550000000000000000e+02 2.550000000000000000e+02 2.550000000000000000e+02
2.550000000000000000e+02 2.550000000000000000e+02 2.550000000000000000e+02 2.550000000000000000e+02 2.550000000000000000e+02 2.550000000000000000e+02 2.550000000000000000e+02 2.550000000000000000e+02 2.550000000000000000e+02 2.550000000000000000e+02 2.550000000000000000e+02 2.550000000000000000e+02 3.000000000000000000e+00 3.000000000000000000e+00 3.000000000000000000e+00 3.000000000000000000e+00 3.000000000000000000e+00 3.000000000000000000e+00 4.000000000000000000e+00 3.000000000000000000e+00 3.000000000000000000e+00 4.000000000000000000e+00 4.000000000000000000e+00 3.000000000000000000e+00 3.000000000000000000e+00 3.000000000000000000e+00 3.000000000000000000e+00 4.000000000000000000e+00 4.000000000000000000e+00 3.000000000000000000e+00 3.000000000000000000e+00 3.000000000000000000e+00 3.000000000000000000e+00 3.000000000000000000e+00 4.000000000000000000e+00 4.000000000000000000e+00 4.000000000000000000e+00 4.000000000000000000e+00 4.000000000000000000e+00 4.000000000000000000e+00 4.000000000000000000e+00 4.000000000000000000e+00 4.000000000000000000e+00 4.000000000000000000e+00 4.000000000000000000e+00 4.000000000000000000e+00 4.000000000000000000e+00 4.000000000000000000e+00 3.000000000000000000e+00 4.000000000000000000e+00 3.000000000000000000e+00 3.000000000000000000e+00 2.000000000000000000e+00 2.000000000000000000e+00 2.000000000000000000e+00 2.000000000000000000e+00 2.000000000000000000e+00 2.000000000000000000e+00 2.000000000000000000e+00 2.000000000000000000e+00 3.000000000000000000e+00 3.000000000000000000e+00 3.000000000000000000e+00 2.000000000000000000e+00 2.000000000000000000e+00 2.000000000000000000e+00 2.000000000000000000e+00 2.000000000000000000e+00 2.000000000000000000e+00 2.000000000000000000e+00 2.000000000000000000e+00 2.000000000000000000e+00 2.000000000000000000e+00 9.000000000000000000e+00 9.000000000000000000e+00 9.000000000000000000e+00 3.000000000000000000e+00 3.000000000000000000e+00 3.000000000000000000e+00 2.000000000000000000e+00 3.000000000000000000e+00 3.000000000000000000e+00 2.000000000000000000e+00 3.000000000000000000e+00 3.000000000000000000e+00 2.000000000000000000e+00 2.000000000000000000e+00 2.000000000000000000e+00 2.000000000000000000e+00 5.000000000000000000e+00 2.000000000000000000e+00 2.000000000000000000e+00 2.000000000000000000e+00 2.000000000000000000e+00 3.000000000000000000e+00 2.000000000000000000e+00 2.000000000000000000e+00 2.000000000000000000e+00 3.000000000000000000e+00 2.000000000000000000e+00 2.000000000000000000e+00 2.550000000000000000e+02 2.550000000000000000e+02 2.550000000000000000e+02 2.550000000000000000e+02 2.550000000000000000e+02
2.550000000000000000e+02 2.550000000000000000e+02 2.550000000000000000e+02 2.550000000000000000e+02 2.550000000000000000e+02 2.550000000000000000e+02 2.550000000000000000e+02 2.550000000000000000e+02 2.550000000000000000e+02 2.550000000000000000e+02 2.550000000000000000e+02 3.000000000000000000e+00 3.000000000000000000e+00 3.000000000000000000e+00 3.000000000000000000e+00 3.000000000000000000e+00 3.000000000000000000e+00 3.000000000000000000e+00 3.000000000000000000e+00 3.000000000000000000e+00 3.000000000000000000e+00 3.000000000000000000e+00 3.000000000000000000e+00 2.000000000000000000e+00 3.000000000000000000e+00 3.000000000000000000e+00 3.000000000000000000e+00 3.000000000000000000e+00 3.000000000000000000e+00 3.000000000000000000e+00 3.000000000000000000e+00 3.000000000000000000e+00 4.000000000000000000e+00 3.000000000000000000e+00 3.000000000000000000e+00 4.000000000000000000e+00 4.000000000000000000e+00 3.000000000000000000e+00 3.000000000000000000e+00 4.000000000000000000e+00 4.000000000000000000e+00 4.000000000000000000e+00 4.000000000000000000e+00 4.000000000000000000e+00 4.000000000000000000e+00 4.000000000000000000e+00 4.000000000000000000e+00 4.000000000000000000e+00 4.000000000000000000e+00 3.000000000000000000e+00 2.000000000000000000e+00 2.000000000000000000e+00 2.000000000000000000e+00 3.000000000000000000e+00 2.000000000000000000e+00 3.000000000000000000e+00 2.000000000000000000e+00 2.000000000000000000e+00 2.000000000000000000e+00 2.000000000000000000e+00 2.000000000000000000e+00 2.000000000000000000e+00 2.000000000000000000e+00 2.000000000000000000e+00 3.000000000000000000e+00 3.000000000000000000e+00 2.000000000000000000e+00 2.000000000000000000e+00 2.000000000000000000e+00 2.000000000000000000e+00 2.000000000000000000e+00 2.000000000000000000e+00 2.000000000000000000e+00 2.000000000000000000e+00 2.000000000000000000e+00 3.000000000000000000e+00 3.000000000000000000e+00 3.000000000000000000e+00 3.000000000000000000e+00 2.000000000000000000e+00 3.000000000000000000e+00 3.000000000000000000e+00 2.000000000000000000e+00 3.000000000000000000e+00 3.000000000000000000e+00 2.000000000000000000e+00 2.000000000000000000e+00 2.000000000000000000e+00 2.000000000000000000e+00 5.000000000000000000e+00 2.000000000000000000e+00 2.000000000000000000e+00 2.000000000000000000e+00 2.000000000000000000e+00 3.000000000000000000e+00 2.000000000000000000e+00 2.000000000000000000e+00 2.000000000000000000e+00 3.000000000000000000e+00 2.000000000000000000e+00 2.000000000000000000e+00 2.550000000000000000e+02 2.550000000000000000e+02 2.550000000000000000e+02 2.550000000000000000e+02 2.550000000000000000e+02
2.550000000000000000e+02 2.550000000000000000e+02 2.550000000000000000e+02 2.550000000000000000e+02 2.550000000000000000e+02 2.550000000000000000e+02 2.550000000000000000e+02 2.550000000000000000e+02 2.550000000000000000e+02 2.550000000000000000e+02 2.550000000000000000e+02 3.000000000000000000e+00 3.000000000000000000e+00 2.000000000000000000e+00 2.000000000000000000e+00 3.000000000000000000e+00 3.000000000000000000e+00 3.000000000000000000e+00 4.000000000000000000e+00 3.000000000000000000e+00 3.000000000000000000e+00 3.000000000000000000e+00 3.000000000000000000e+00 3.000000000000000000e+00 3.000000000000000000e+00 3.000000000000000000e+00 3.000000000000000000e+00 3.000000000000000000e+00 4.000000000000000000e+00 3.000000000000000000e+00 3.000000000000000000e+00 4.000000000000000000e+00 3.000000000000000000e+00 4.000000000000000000e+00 4.000000000000000000e+00 4.000000000000000000e+00 4.000000000000000000e+00 3.000000000000000000e+00 3.000000000000000000e+00 4.000000000000000000e+00 3.000000000000000000e+00 3.000000000000000000e+00 3.000000000000000000e+00 4.000000000000000000e+00 4.000000000000000000e+00 4.000000000000000000e+00 4.000000000000000000e+00 4.000000000000000000e+00 2.000000000000000000e+00 2.000000000000000000e+00 2.000000000000000000e+00 2.000000000000000000e+00 3.000000000000000000e+00 3.000000000000000000e+00 3.000000000000000000e+00 2.000000000000000000e+00 2.000000000000000000e+00 2.000000000000000000e+00 2.000000000000000000e+00 2.000000000000000000e+00 2.000000000000000000e+00 2.000000000000000000e+00 3.000000000000000000e+00 2.000000000000000000e+00 2.000000000000000000e+00 3.000000000000000000e+00 2.000000000000000000e+00 2.000000000000000000e+00 3.000000000000000000e+00 2.000000000000000000e+00 2.000000000000000000e+00 2.000000000000000000e+00 2.000000000000000000e+00 2.000000000000000000e+00 2.000000000000000000e+00 2.000000000000000000e+00 3.000000000000000000e+00 3.000000000000000000e+00 3.000000000000000000e+00 3.000000000000000000e+00 2.000000000000000000e+00 2.000000000000000000e+00 2.000000000000000000e+00 2.000000000000000000e+00 2.000000000000000000e+00 2.000000000000000000e+00 2.000000000000000000e+00 2.000000000000000000e+00 2.000000000000000000e+00 5.000000000000000000e+00 2.000000000000000000e+00 2.000000000000000000e+00 2.000000000000000000e+00 2.000000000000000000e+00 2.000000000000000000e+00 2.000000000000000000e+00 2.000000000000000000e+00 3.000000000000000000e+00 2.000000000000000000e+00 2.000000000000000000e+00 3.000000000000000000e+00 2.550000000000000000e+02 2.550000000000000000e+02 2.550000000000000000e+02 2.550000000000000000e+02 2.550000000000000000e+02
2.550000000000000000e+02 2.550000000000000000e+02 2.550000000000000000e+02 2.550000000000000000e+02 2.550000000000000000e+02 2.550000000000000000e+02 2.550000000000000000e+02 2.550000000000000000e+02 2.550000000000000000e+02 2.550000000000000000e+02 2.550000000000000000e+02 4.000000000000000000e+00 4.000000000000000000e+00 3.000000000000000000e+00 2.000000000000000000e+00 3.000000000000000000e+00 3.000000000000000000e+00 3.000000000000000000e+00 3.000000000000000000e+00 3.000000000000000000e+00 2.000000000000000000e+00 3.000000000000000000e+00 3.000000000000000000e+00 3.000000000000000000e+00 4.000000000000000000e+00 3.000000000000000000e+00 3.000000000000000000e+00 3.000000000000000000e+00 4.000000000000000000e+00 3.000000000000000000e+00 4.000000000000000000e+00 4.000000000000000000e+00 4.000000000000000000e+00 4.000000000000000000e+00 4.000000000000000000e+00 4.000000000000000000e+00 4.000000000000000000e+00 4.000000000000000000e+00 3.000000000000000000e+00 3.000000000000000000e+00 4.000000000000000000e+00 3.000000000000000000e+00 4.000000000000000000e+00 4.000000000000000000e+00 4.000000000000000000e+00 3.000000000000000000e+00 2.000000000000000000e+00 3.000000000000000000e+00 2.000000000000000000e+00 2.000000000000000000e+00 2.000000000000000000e+00 2.000000000000000000e+00 2.000000000000000000e+00 2.000000000000000000e+00 2.000000000000000000e+00 2.000000000000000000e+00 2.000000000000000000e+00 2.000000000000000000e+00 2.000000000000000000e+00 3.000000000000000000e+00 2.000000000000000000e+00 3.000000000000000000e+00 2.000000000000000000e+00 2.000000000000000000e+00 3.000000000000000000e+00 3.000000000000000000e+00 2.000000000000000000e+00 2.000000000000000000e+00 2.000000000000000000e+00 3.000000000000000000e+00 3.000000000000000000e+00 2.000000000000000000e+00 2.000000000000000000e+00 2.000000000000000000e+00 2.000000000000000000e+00 2.000000000000000000e+00 2.000000000000000000e+00 2.000000000000000000e+00 2.000000000000000000e+00 2.000000000000000000e+00 2.000000000000000000e+00 2.000000000000000000e+00 2.000000000000000000e+00 2.000000000000000000e+00 2.000000000000000000e+00 2.000000000000000000e+00 2.000000000000000000e+00 2.000000000000000000e+00 3.000000000000000000e+00 5.000000000000000000e+00 2.000000000000000000e+00 2.000000000000000000e+00 2.000000000000000000e+00 2.000000000000000000e+00 2.000000000000000000e+00 2.000000000000000000e+00 2.000000000000000000e+00 3.000000000000000000e+00 2.000000000000000000e+00 2.000000000000000000e+00 3.000000000000000000e+00 2.550000000000000000e+02 2.550000000000000000e+02 2.550000000000000000e+02 2.550000000000000000e+02 2.550000000000000000e+02
2.550000000000000000e+02 2.550000000000000000e+02 2.550000000000000000e+02 2.550000000000000000e+02 2.550000000000000000e+02 2.550000000000000000e+02 2.550000000000000000e+02 2.550000000000000000e+02 2.550000000000000000e+02 2.550000000000000000e+02 4.000000000000000000e+00 3.000000000000000000e+00 3.000000000000000000e+00 2.000000000000000000e+00 2.000000000000000000e+00 2.000000000000000000e+00 3.000000000000000000e+00 4.000000000000000000e+00 3.000000000000000000e+00 3.000000000000000000e+00 4.000000000000000000e+00 4.000000000000000000e+00 4.000000000000000000e+00 4.000000000000000000e+00 3.000000000000000000e+00 4.000000000000000000e+00 4.000000000000000000e+00 4.000000000000000000e+00 4.000000000000000000e+00 4.000000000000000000e+00 4.000000000000000000e+00 4.000000000000000000e+00 4.000000000000000000e+00 4.000000000000000000e+00 4.000000000000000000e+00 4.000000000000000000e+00 4.000000000000000000e+00 4.000000000000000000e+00 4.000000000000000000e+00 3.000000000000000000e+00 3.000000000000000000e+00 3.000000000000000000e+00 4.000000000000000000e+00 4.000000000000000000e+00 3.000000000000000000e+00 3.000000000000000000e+00 2.000000000000000000e+00 2.000000000000000000e+00 2.000000000000000000e+00 2.000000000000000000e+00 2.000000000000000000e+00 3.000000000000000000e+00 3.000000000000000000e+00 3.000000000000000000e+00 3.000000000000000000e+00 3.000000000000000000e+00 3.000000000000000000e+00 3.000000000000000000e+00 3.000000000000000000e+00 4.000000000000000000e+00 3.000000000000000000e+00 2.000000000000000000e+00 3.000000000000000000e+00 2.000000000000000000e+00 3.000000000000000000e+00 2.000000000000000000e+00 2.000000000000000000e+00 2.000000000000000000e+00 2.000000000000000000e+00 2.000000000000000000e+00 2.000000000000000000e+00 3.000000000000000000e+00 2.000000000000000000e+00 2.000000000000000000e+00 2.000000000000000000e+00 2.000000000000000000e+00 2.000000000000000000e+00 9.000000000000000000e+00 3.000000000000000000e+00 2.000000000000000000e+00 2.000000000000000000e+00 2.000000000000000000e+00 2.000000000000000000e+00 2.000000000000000000e+00 2.000000000000000000e+00 2.000000000000000000e+00 2.000000000000000000e+00 3.000000000000000000e+00 3.000000000000000000e+00 5.000000000000000000e+00 2.000000000000000000e+00 2.000000000000000000e+00 2.000000000000000000e+00 3.000000000000000000e+00 3.000000000000000000e+00 2.000000000000000000e+00 2.000000000000000000e+00 2.000000000000000000e+00 2.000000000000000000e+00 2.000000000000000000e+00 2.000000000000000000e+00 2.550000000000000000e+02 2.550000000000000000e+02 2.550000000000000000e+02 2.550000000000000000e+02 2.550000000000000000e+02
2.550000000000000000e+02 2.550000000000000000e+02 2.550000000000000000e+02 2.550000000000000000e+02 2.550000000000000000e+02 2.550000000000000000e+02 2.550000000000000000e+02 2.550000000000000000e+02 2.550000000000000000e+02 2.550000000000000000e+02 4.000000000000000000e+00 3.000000000000000000e+00 3.000000000000000000e+00 2.000000000000000000e+00 2.000000000000000000e+00 2.000000000000000000e+00 3.000000000000000000e+00 4.000000000000000000e+00 3.000000000000000000e+00 3.000000000000000000e+00 3.000000000000000000e+00 4.000000000000000000e+00 4.000000000000000000e+00 4.000000000000000000e+00 3.000000000000000000e+00 3.000000000000000000e+00 4.000000000000000000e+00 4.000000000000000000e+00 3.000000000000000000e+00 3.000000000000000000e+00 4.000000000000000000e+00 4.000000000000000000e+00 4.000000000000000000e+00 4.000000000000000000e+00 4.000000000000000000e+00 4.000000000000000000e+00 4.000000000000000000e+00 3.000000000000000000e+00 4.000000000000000000e+00 4.000000000000000000e+00 4.000000000000000000e+00 4.000000000000000000e+00 4.000000000000000000e+00 3.000000000000000000e+00 3.000000000000000000e+00 3.000000000000000000e+00 3.000000000000000000e+00 3.000000000000000000e+00 2.000000000000000000e+00 2.000000000000000000e+00 3.000000000000000000e+00 3.000000000000000000e+00 3.000000000000000000e+00 3.000000000000000000e+00 3.000000000000000000e+00 2.000000000000000000e+00 3.000000000000000000e+00 3.000000000000000000e+00 4.000000000000000000e+00 4.000000000000000000e+00 3.000000000000000000e+00 2.000000000000000000e+00 2.000000000000000000e+00 2.000000000000000000e+00 3.000000000000000000e+00 2.000000000000000000e+00 2.000000000000000000e+00 2.000000000000000000e+00 2.000000000000000000e+00 3.000000000000000000e+00 3.000000000000000000e+00 2.000000000000000000e+00 2.000000000000000000e+00 2.000000000000000000e+00 2.000000000000000000e+00 2.000000000000000000e+00 2.000000000000000000e+00 9.000000000000000000e+00 2.000000000000000000e+00 2.000000000000000000e+00 2.000000000000000000e+00 1.000000000000000000e+00 2.000000000000000000e+00 2.000000000000000000e+00 2.000000000000000000e+00 2.000000000000000000e+00 2.000000000000000000e+00 5.000000000000000000e+00 5.000000000000000000e+00 5.000000000000000000e+00 3.000000000000000000e+00 2.000000000000000000e+00 2.000000000000000000e+00 2.000000000000000000e+00 3.000000000000000000e+00 2.000000000000000000e+00 2.000000000000000000e+00 2.000000000000000000e+00 3.000000000000000000e+00 2.000000000000000000e+00 2.550000000000000000e+02 2.550000000000000000e+02 2.550000000000000000e+02 2.550000000000000000e+02 2.550000000000000000e+02 2.550000000000000000e+02
2.550000000000000000e+02 2.550000000000000000e+02 2.550000000000000000e+02 2.550000000000000000e+02 2.550000000000000000e+02 2.550000000000000000e+02 2.550000000000000000e+02 2.550000000000000000e+02 2.550000000000000000e+02 2.550000000000000000e+02 2.000000000000000000e+00 2.000000000000000000e+00 3.000000000000000000e+00 3.000000000000000000e+00 3.000000000000000000e+00 3.000000000000000000e+00 3.000000000000000000e+00 4.000000000000000000e+00 4.000000000000000000e+00 4.000000000000000000e+00 4.000000000000000000e+00 4.000000000000000000e+00 4.000000000000000000e+00 4.000000000000000000e+00 3.000000000000000000e+00 4.000000000000000000e+00 4.000000000000000000e+00 4.000000000000000000e+00 3.000000000000000000e+00 4.000000000000000000e+00 3.000000000000000000e+00 3.000000000000000000e+00 4.000000000000000000e+00 4.000000000000000000e+00 4.000000000000000000e+00 4.000000000000000000e+00 4.000000000000000000e+00 4.000000000000000000e+00 4.000000000000000000e+00 4.000000000000000000e+00 4.000000000000000000e+00 4.000000000000000000e+00 7.000000000000000000e+00 7.000000000000000000e+00 7.000000000000000000e+00 7.000000000000000000e+00 7.000000000000000000e+00 7.000000000000000000e+00 7.000000000000000000e+00 7.000000000000000000e+00 7.000000000000000000e+00 7.000000000000000000e+00 3.000000000000000000e+00 3.000000000000000000e+00 2.000000000000000000e+00 2.000000000000000000e+00 3.000000000000000000e+00 3.000000000000000000e+00 3.000000000000000000e+00 3.000000000000000000e+00 3.000000000000000000e+00 2.000000000000000000e+00 3.000000000000000000e+00 3.000000000000000000e+00 2.000000000000000000e+00 2.000000000000000000e+00 2.000000000000000000e+00 3.000000000000000000e+00 3.000000000000000000e+00 3.000000000000000000e+00 3.000000000000000000e+00 3.000000000000000000e+00 2.000000000000000000e+00 3.000000000000000000e+00 3.000000000000000000e+00 2.000000000000000000e+00 2.000000000000000000e+00 9.000000000000000000e+00 2.000000000000000000e+00 2.000000000000000000e+00 2.000000000000000000e+00 2.000000000000000000e+00 2.000000000000000000e+00 2.000000000000000000e+00 2.000000000000000000e+00 2.000000000000000000e+00 2.000000000000000000e+00 5.000000000000000000e+00 2.000000000000000000e+00 2.000000000000000000e+00 3.000000000000000000e+00 2.000000000000000000e+00 2.000000000000000000e+00 2.000000000000000000e+00 2.000000000000000000e+00 3.000000000000000000e+00 2.000000000000000000e+00 3.000000000000000000e+00 3.000000000000000000e+00 3.000000000000000000e+00 2.550000000000000000e+02 2.550000000000000000e+02 2.550000000000000000e+02 2.550000000000000000e+02 2.550000000000000000e+02 2.550000000000000000e+02
2.550000000000000000e+02 2.550000000000000000e+02 2.550000000000000000e+02 2.550000000000000000e+02 2.550000000000000000e+02 2.550000000000000000e+02 2.550000000000000000e+02 2.000000000000000000e+00 4.000000000000000000e+00 4.000000000000000000e+00 3.000000000000000000e+00 3.000000000000000000e+00 2.000000000000000000e+00 2.000000000000000000e+00 3.000000000000000000e+00 4.000000000000000000e+00 3.000000000000000000e+00 4.000000000000000000e+00 4.000000000000000000e+00 4.000000000000000000e+00 4.000000000000000000e+00 4.000000000000000000e+00 4.000000000000000000e+00 4.000000000000000000e+00 4.000000000000000000e+00 3.000000000000000000e+00 4.000000000000000000e+00 4.000000000000000000e+00 4.000000000000000000e+00 4.000000000000000000e+00 3.000000000000000000e+00 4.000000000000000000e+00 4.000000000000000000e+00 4.000000000000000000e+00 4.000000000000000000e+00 4.000000000000000000e+00 4.000000000000000000e+00 4.000000000000000000e+00 4.000000000000000000e+00 4.000000000000000000e+00 4.000000000000000000e+00 4.000000000000000000e+00 7.000000000000000000e+00 7.000000000000000000e+00 7.000000000000000000e+00 7.000000000000000000e+00 7.000000000000000000e+00 7.000000000000000000e+00 7.000000000000000000e+00 7.000000000000000000e+00 7.000000000000000000e+00 7.000000000000000000e+00 3.000000000000000000e+00 3.000000000000000000e+00 3.000000000000000000e+00 3.000000000000000000e+00 3.000000000000000000e+00 2.000000000000000000e+00 2.000000000000000000e+00 3.000000000000000000e+00 3.000000000000000000e+00 3.000000000000000000e+00 3.000000000000000000e+00 2.000000000000000000e+00 2.000000000000000000e+00 2.000000000000000000e+00 3.000000000000000000e+00 3.000000000000000000e+00 3.000000000000000000e+00 3.000000000000000000e+00 3.000000000000000000e+00 3.000000000000000000e+00 3.000000000000000000e+00 3.000000000000000000e+00 3.000000000000000000e+00 4.000000000000000000e+00 2.000000000000000000e+00 9.000000000000000000e+00 2.000000000000000000e+00 2.000000000000000000e+00 2.000000000000000000e+00 2.000000000000000000e+00 2.000000000000000000e+00 2.000000000000000000e+00 2.000000000000000000e+00 2.000000000000000000e+00 2.000000000000000000e+00 5.000000000000000000e+00 2.000000000000000000e+00 2.000000000000000000e+00 2.000000000000000000e+00 2.000000000000000000e+00 2.000000000000000000e+00 2.000000000000000000e+00 2.000000000000000000e+00 2.000000000000000000e+00 2.000000000000000000e+00 2.000000000000000000e+00 2.000000000000000000e+00 3.000000000000000000e+00 2.550000000000000000e+02 2.550000000000000000e+02 2.550000000000000000e+02 2.550000000000000000e+02 2.550000000000000000e+02 2.550000000000000000e+02
2.550000000000000000e+02 2.550000000000000000e+02 2.550000000000000000e+02 2.550000000000000000e+02 2.550000000000000000e+02 2.550000000000000000e+02 2.550000000000000000e+02 2.000000000000000000e+00 4.000000000000000000e+00 4.000000000000000000e+00 4.000000000000000000e+00 3.000000000000000000e+00 3.000000000000000000e+00 3.000000000000000000e+00 4.000000000000000000e+00 3.000000000000000000e+00 4.000000000000000000e+00 4.000000000000000000e+00 4.000000000000000000e+00 4.000000000000000000e+00 4.000000000000000000e+00 3.000000000000000000e+00 3.000000000000000000e+00 4.000000000000000000e+00 3.000000000000000000e+00 4.000000000000000000e+00 4.000000000000000000e+00 3.000000000000000000e+00 4.000000000000000000e+00 3.000000000000000000e+00 3.000000000000000000e+00 4.000000000000000000e+00 4.000000000000000000e+00 4.000000000000000000e+00 4.000000000000000000e+00 4.000000000000000000e+00 4.000000000000000000e+00 4.000000000000000000e+00 4.000000000000000000e+00 4.000000000000000000e+00 4.000000000000000000e+00 4.000000000000000000e+00 7.000000000000000000e+00 7.000000000000000000e+00 7.000000000000000000e+00 7.000000000000000000e+00 7.000000000000000000e+00 7.000000000000000000e+00 7.000000000000000000e+00 7.000000000000000000e+00 7.000000000000000000e+00 7.000000000000000000e+00 3.000000000000000000e+00 3.000000000000000000e+00 3.000000000000000000e+00 2.000000000000000000e+00 2.000000000000000000e+00 3.000000000000000000e+00 2.000000000000000000e+00 3.000000000000000000e+00 3.000000000000000000e+00 3.000000000000000000e+00 3.000000000000000000e+00 2.000000000000000000e+00 2.000000000000000000e+00 2.000000000000000000e+00 3.000000000000000000e+00 3.000000000000000000e+00 3.000000000000000000e+00 3.000000000000000000e+00 3.000000000000000000e+00 4.000000000000000000e+00 3.000000000000000000e+00 3.000000000000000000e+00 3.000000000000000000e+00 3.000000000000000000e+00 2.000000000000000000e+00 9.000000000000000000e+00 2.000000000000000000e+00 2.000000000000000000e+00 2.000000000000000000e+00 2.000000000000000000e+00 2.000000000000000000e+00 2.000000000000000000e+00 2.000000000000000000e+00 2.000000000000000000e+00 2.000000000000000000e+00 5.000000000000000000e+00 2.000000000000000000e+00 2.000000000000000000e+00 2.000000000000000000e+00 3.000000000000000000e+00 3.000000000000000000e+00 2.000000000000000000e+00 2.000000000000000000e+00 2.000000000000000000e+00 2.000000000000000000e+00 2.000000000000000000e+00 2.000000000000000000e+00 2.000000000000000000e+00 2.550000000000000000e+02 2.550000000000000000e+02 2.550000000000000000e+02 2.550000000000000000e+02 2.550000000000000000e+02 2.550000000000000000e+02
2.550000000000000000e+02 2.550000000000000000e+02 2.550000000000000000e+02 2.550000000000000000e+02 2.550000000000000000e+02 2.550000000000000000e+02 3.000000000000000000e+00 4.000000000000000000e+00 4.000000000000000000e+00 4.000000000000000000e+00 4.000000000000000000e+00 3.000000000000000000e+00 4.000000000000000000e+00 3.000000000000000000e+00 3.000000000000000000e+00 3.000000000000000000e+00 4.000000000000000000e+00 3.000000000000000000e+00 4.000000000000000000e+00 4.000000000000000000e+00 4.000000000000000000e+00 4.000000000000000000e+00 4.000000000000000000e+00 4.000000000000000000e+00 3.000000000000000000e+00 3.000000000000000000e+00 3.000000000000000000e+00 3.000000000000000000e+00 4.000000000000000000e+00 4.000000000000000000e+00 4.000000000000000000e+00 4.000000000000000000e+00 4.000000000000000000e+00 4.000000000000000000e+00 4.000000000000000000e+00 4.000000000000000000e+00 4.000000000000000000e+00 4.000000000000000000e+00 4.000000000000000000e+00 4.000000000000000000e+00 4.000000000000000000e+00 4.000000000000000000e+00 7.000000000000000000e+00 7.000000000000000000e+00 7.000000000000000000e+00 7.000000000000000000e+00 7.000000000000000000e+00 7.000000000000000000e+00 7.000000000000000000e+00 7.000000000000000000e+00 7.000000000000000000e+00 7.000000000000000000e+00 3.000000000000000000e+00 9.000000000000000000e+00 9.000000000000000000e+00 9.000000000000000000e+00 9.000000000000000000e+00 9.000000000000000000e+00 9.000000000000000000e+00 9.000000000000000000e+00 9.000000000000000000e+00 9.000000000000000000e+00 9.000000000000000000e+00 9.000000000000000000e+00 2.000000000000000000e+00 2.000000000000000000e+00 3.000000000000000000e+00 9.000000000000000000e+00 9.000000000000000000e+00 9.000000000000000000e+00 9.000000000000000000e+00 9.000000000000000000e+00 9.000000000000000000e+00 3.000000000000000000e+00 3.000000000000000000e+00 3.000000000000000000e+00 2.000000000000000000e+00 9.000000000000000000e+00 2.000000000000000000e+00 2.000000000000000000e+00 2.000000000000000000e+00 2.000000000000000000e+00 2.000000000000000000e+00 2.000000000000000000e+00 2.000000000000000000e+00 2.000000000000000000e+00 2.000000000000000000e+00 5.000000000000000000e+00 2.000000000000000000e+00 2.000000000000000000e+00 2.000000000000000000e+00 4.000000000000000000e+00 2.000000000000000000e+00 2.000000000000000000e+00 2.000000000000000000e+00 2.000000000000000000e+00 2.000000000000000000e+00 2.000000000000000000e+00 2.000000000000000000e+00 2.000000000000000000e+00 2.550000000000000000e+02 2.550000000000000000e+02 2.550000000000000000e+02 2.550000000000000000e+02 2.550000000000000000e+02 2.550000000000000000e+02
2.550000000000000000e+02 2.550000000000000000e+02 2.550000000000000000e+02 2.550000000000000000e+02 2.550000000000000000e+02 2.550000000000000000e+02 4.000000000000000000e+00 3.000000000000000000e+00 3.000000000000000000e+00 3.000000000000000000e+00 4.000000000000000000e+00 3.000000000000000000e+00 3.000000000000000000e+00 2.000000000000000000e+00 3.000000000000000000e+00 3.000000000000000000e+00 4.000000000000000000e+00 3.000000000000000000e+00 4.000000000000000000e+00 3.000000000000000000e+00 4.000000000000000000e+00 4.000000000000000000e+00 4.000000000000000000e+00 4.000000000000000000e+00 3.000000000000000000e+00 4.000000000000000000e+00 2.000000000000000000e+00 2.000000000000000000e+00 4.000000000000000000e+00 4.000000000000000000e+00 4.000000000000000000e+00 4.000000000000000000e+00 3.000000000000000000e+00 4.000000000000000000e+00 4.000000000000000000e+00 4.000000000000000000e+00 4.000000000000000000e+00 4.000000000000000000e+00 4.000000000000000000e+00 4.000000000000000000e+00 4.000000000000000000e+00 3.000000000000000000e+00 7.000000000000000000e+00 7.000000000000000000e+00 7.000000000000000000e+00 7.000000000000000000e+00 7.000000000000000000e+00 7.000000000000000000e+00 7.000000000000000000e+00 7.000000000000000000e+00 7.000000000000000000e+00 7.000000000000000000e+00 3.000000000000000000e+00 3.000000000000000000e+00 3.000000000000000000e+00 3.000000000000000000e+00 3.000000000000000000e+00 2.000000000000000000e+00 2.000000000000000000e+00 2.000000000000000000e+00 3.000000000000000000e+00 2.000000000000000000e+00 3.000000000000000000e+00 3.000000000000000000e+00 3.000000000000000000e+00 3.000000000000000000e+00 2.000000000000000000e+00 3.000000000000000000e+00 3.000000000000000000e+00 3.000000000000000000e+00 3.000000000000000000e+00 3.000000000000000000e+00 2.000000000000000000e+00 2.000000000000000000e+00 2.000000000000000000e+00 2.000000000000000000e+00 2.000000000000000000e+00 9.000000000000000000e+00 2.000000000000000000e+00 2.000000000000000000e+00 2.000000000000000000e+00 2.000000000000000000e+00 2.000000000000000000e+00 2.000000000000000000e+00 2.000000000000000000e+00 6.000000000000000000e+00 2.000000000000000000e+00 5.000000000000000000e+00 2.000000000000000000e+00 3.000000000000000000e+00 2.000000000000000000e+00 3.000000000000000000e+00 2.000000000000000000e+00 2.000000000000000000e+00 2.000000000000000000e+00 2.000000000000000000e+00 2.000000000000000000e+00 2.000000000000000000e+00 2.000000000000000000e+00 3.000000000000000000e+00 2.550000000000000000e+02 2.550000000000000000e+02 2.550000000000000000e+02 2.550000000000000000e+02 2.550000000000000000e+02 2.550000000000000000e+02
2.550000000000000000e+02 2.550000000000000000e+02 2.550000000000000000e+02 2.550000000000000000e+02 2.550000000000000000e+02 2.550000000000000000e+02 3.000000000000000000e+00 2.000000000000000000e+00 3.000000000000000000e+00 3.000000000000000000e+00 3.000000000000000000e+00 3.000000000000000000e+00 3.000000000000000000e+00 3.000000000000000000e+00 2.000000000000000000e+00 3.000000000000000000e+00 4.000000000000000000e+00 3.000000000000000000e+00 3.000000000000000000e+00 3.000000000000000000e+00 4.000000000000000000e+00 4.000000000000000000e+00 3.000000000000000000e+00 3.000000000000000000e+00 4.000000000000000000e+00 2.000000000000000000e+00 2.000000000000000000e+00 4.000000000000000000e+00 4.000000000000000000e+00 3.000000000000000000e+00 2.000000000000000000e+00 3.000000000000000000e+00 4.000000000000000000e+00 4.000000000000000000e+00 4.000000000000000000e+00 4.000000000000000000e+00 4.000000000000000000e+00 9.000000000000000000e+00 9.000000000000000000e+00 9.000000000000000000e+00 9.000000000000000000e+00 9.000000000000000000e+00 3.000000000000000000e+00 7.000000000000000000e+00 7.000000000000000000e+00 7.000000000000000000e+00 7.000000000000000000e+00 7.000000000000000000e+00 7.000000000000000000e+00 7.000000000000000000e+00 3.000000000000000000e+00 3.000000000000000000e+00 3.000000000000000000e+00 3.000000000000000000e+00 3.000000000000000000e+00 3.000000000000000000e+00 3.000000000000000000e+00 2.000000000000000000e+00 2.000000000000000000e+00 2.000000000000000000e+00 3.000000000000000000e+00 2.000000000000000000e+00 3.000000000000000000e+00 3.000000000000000000e+00 3.000000000000000000e+00 3.000000000000000000e+00 3.000000000000000000e+00 3.000000000000000000e+00 3.000000000000000000e+00 3.000000000000000000e+00 3.000000000000000000e+00 2.000000000000000000e+00 2.000000000000000000e+00 2.000000000000000000e+00 2.000000000000000000e+00 2.000000000000000000e+00 2.000000000000000000e+00 2.000000000000000000e+00 2.000000000000000000e+00 2.000000000000000000e+00 3.000000000000000000e+00 2.000000000000000000e+00 2.000000000000000000e+00 2.000000000000000000e+00 2.000000000000000000e+00 6.000000000000000000e+00 2.000000000000000000e+00 5.000000000000000000e+00 2.000000000000000000e+00 2.000000000000000000e+00 2.000000000000000000e+00 2.000000000000000000e+00 2.000000000000000000e+00 2.000000000000000000e+00 2.000000000000000000e+00 2.000000000000000000e+00 2.000000000000000000e+00 2.000000000000000000e+00 2.000000000000000000e+00 3.000000000000000000e+00 2.550000000000000000e+02 2.550000000000000000e+02 2.550000000000000000e+02 2.550000000000000000e+02 2.550000000000000000e+02 2.550000000000000000e+02
2.550000000000000000e+02 2.550000000000000000e+02 2.550000000000000000e+02 2.550000000000000000e+02 2.550000000000000000e+02 2.550000000000000000e+02 2.000000000000000000e+00 2.000000000000000000e+00 3.000000000000000000e+00 3.000000000000000000e+00 2.000000000000000000e+00 3.000000000000000000e+00 3.000000000000000000e+00 3.000000000000000000e+00 2.000000000000000000e+00 3.000000000000000000e+00 4.000000000000000000e+00 3.000000000000000000e+00 3.000000000000000000e+00 3.000000000000000000e+00 4.000000000000000000e+00 3.000000000000000000e+00 2.000000000000000000e+00 3.000000000000000000e+00 3.000000000000000000e+00 2.000000000000000000e+00 2.000000000000000000e+00 4.000000000000000000e+00 4.000000000000000000e+00 3.000000000000000000e+00 2.000000000000000000e+00 3.000000000000000000e+00 4.000000000000000000e+00 4.000000000000000000e+00 4.000000000000000000e+00 4.000000000000000000e+00 4.000000000000000000e+00 9.000000000000000000e+00 3.000000000000000000e+00 3.000000000000000000e+00 3.000000000000000000e+00 3.000000000000000000e+00 3.000000000000000000e+00 7.000000000000000000e+00 7.000000000000000000e+00 7.000000000000000000e+00 7.000000000000000000e+00 7.000000000000000000e+00 7.000000000000000000e+00 7.000000000000000000e+00 3.000000000000000000e+00 3.000000000000000000e+00 3.000000000000000000e+00 3.000000000000000000e+00 3.000000000000000000e+00 3.000000000000000000e+00 3.000000000000000000e+00 2.000000000000000000e+00 6.000000000000000000e+00 6.000000000000000000e+00 3.000000000000000000e+00 2.000000000000000000e+00 3.000000000000000000e+00 3.000000000000000000e+00 3.000000000000000000e+00 3.000000000000000000e+00 3.000000000000000000e+00 3.000000000000000000e+00 3.000000000000000000e+00 3.000000000000000000e+00 3.000000000000000000e+00 2.000000000000000000e+00 2.000000000000000000e+00 2.000000000000000000e+00 2.000000000000000000e+00 2.000000000000000000e+00 2.000000000000000000e+00 2.000000000000000000e+00 2.000000000000000000e+00 2.000000000000000000e+00 3.000000000000000000e+00 2.000000000000000000e+00 2.000000000000000000e+00 2.000000000000000000e+00 2.000000000000000000e+00 6.000000000000000000e+00 2.000000000000000000e+00 5.000000000000000000e+00 2.000000000000000000e+00 2.000000000000000000e+00 2.000000000000000000e+00 2.000000000000000000e+00 2.000000000000000000e+00 2.000000000000000000e+00 2.000000000000000000e+00 2.000000000000000000e+00 2.000000000000000000e+00 2.000000000000000000e+00 2.000000000000000000e+00 3.000000000000000000e+00 2.550000000000000000e+02 2.550000000000000000e+02 2.550000000000000000e+02 2.550000000000000000e+02 2.550000000000000000e+02 2.550000000000000000e+02
2.550000000000000000e+02 2.550000000000000000e+02 2.550000000000000000e+02 2.550000000000000000e+02 2.550000000000000000e+02 2.550000000000000000e+02 2.000000000000000000e+00 2.000000000000000000e+00 3.000000000000000000e+00 2.000000000000000000e+00 3.000000000000000000e+00 3.000000000000000000e+00 3.000000000000000000e+00 3.000000000000000000e+00 3.000000000000000000e+00 4.000000000000000000e+00 3.000000000000000000e+00 3.000000000000000000e+00 3.000000000000000000e+00 3.000000000000000000e+00 3.000000000000000000e+00 3.000000000000000000e+00 2.000000000000000000e+00 3.000000000000000000e+00 3.000000000000000000e+00 2.000000000000000000e+00 3.000000000000000000e+00 4.000000000000000000e+00 4.000000000000000000e+00 4.000000000000000000e+00 4.000000000000000000e+00 4.000000000000000000e+00 4.000000000000000000e+00 4.000000000000000000e+00 4.000000000000000000e+00 4.000000000000000000e+00 3.000000000000000000e+00 9.000000000000000000e+00 3.000000000000000000e+00 3.000000000000000000e+00 3.000000000000000000e+00 3.000000000000000000e+00 3.000000000000000000e+00 3.000000000000000000e+00 3.000000000000000000e+00 7.000000000000000000e+00 7.000000000000000000e+00 7.000000000000000000e+00 7.000000000000000000e+00 7.000000000000000000e+00 3.000000000000000000e+00 2.000000000000000000e+00 3.000000000000000000e+00 3.000000000000000000e+00 3.000000000000000000e+00 3.000000000000000000e+00 3.000000000000000000e+00 2.000000000000000000e+00 6.000000000000000000e+00 6.000000000000000000e+00 3.000000000000000000e+00 3.000000000000000000e+00 2.000000000000000000e+00 2.000000000000000000e+00 3.000000000000000000e+00 3.000000000000000000e+00 3.000000000000000000e+00 3.000000000000000000e+00 2.000000000000000000e+00 2.000000000000000000e+00 2.000000000000000000e+00 2.000000000000000000e+00 2.000000000000000000e+00 2.000000000000000000e+00 2.000000000000000000e+00 2.000000000000000000e+00 6.000000000000000000e+00 6.000000000000000000e+00 2.000000000000000000e+00 2.000000000000000000e+00 2.000000000000000000e+00 2.000000000000000000e+00 2.000000000000000000e+00 2.000000000000000000e+00 2.000000000000000000e+00 2.000000000000000000e+00 2.000000000000000000e+00 5.000000000000000000e+00 2.000000000000000000e+00 2.000000000000000000e+00 2.000000000000000000e+00 2.000000000000000000e+00 2.000000000000000000e+00 2.000000000000000000e+00 2.000000000000000000e+00 2.000000000000000000e+00 2.000000000000000000e+00 2.000000000000000000e+00 2.000000000000000000e+00 2.550000000000000000e+02 2.550000000000000000e+02 2.550000000000000000e+02 2.550000000000000000e+02 2.550000000000000000e+02 2.550000000000000000e+02 2.550000000000000000e+02
2.550000000000000000e+02 2.550000000000000000e+02 2.550000000000000000e+02 2.550000000000000000e+02 2.550000000000000000e+02 2.550000000000000000e+02 2.000000000000000000e+00 3.000000000000000000e+00 2.000000000000000000e+00 2.000000000000000000e+00 3.000000000000000000e+00 3.000000000000000000e+00 3.000000000000000000e+00 3.000000000000000000e+00 3.000000000000000000e+00 3.000000000000000000e+00 2.000000000000000000e+00 3.000000000000000000e+00 2.000000000000000000e+00 3.000000000000000000e+00 3.000000000000000000e+00 2.000000000000000000e+00 1.000000000000000000e+00 2.000000000000000000e+00 3.000000000000000000e+00 4.000000000000000000e+00 3.000000000000000000e+00 4.000000000000000000e+00 4.000000000000000000e+00 4.000000000000000000e+00 4.000000000000000000e+00 4.000000000000000000e+00 4.000000000000000000e+00 4.000000000000000000e+00 3.000000000000000000e+00 2.000000000000000000e+00 3.000000000000000000e+00 9.000000000000000000e+00 3.000000000000000000e+00 3.000000000000000000e+00 3.000000000000000000e+00 3.000000000000000000e+00 3.000000000000000000e+00 3.000000000000000000e+00 3.000000000000000000e+00 7.000000000000000000e+00 7.000000000000000000e+00 7.000000000000000000e+00 7.000000000000000000e+00 7.000000000000000000e+00 3.000000000000000000e+00 3.000000000000000000e+00 2.000000000000000000e+00 3.000000000000000000e+00 3.000000000000000000e+00 3.000000000000000000e+00 2.000000000000000000e+00 2.000000000000000000e+00 6.000000000000000000e+00 3.000000000000000000e+00 3.000000000000000000e+00 3.000000000000000000e+00 2.000000000000000000e+00 2.000000000000000000e+00 2.000000000000000000e+00 3.000000000000000000e+00 3.000000000000000000e+00 2.000000000000000000e+00 2.000000000000000000e+00 2.000000000000000000e+00 2.000000000000000000e+00 2.000000000000000000e+00 2.000000000000000000e+00 2.000000000000000000e+00 2.000000000000000000e+00 2.000000000000000000e+00 6.000000000000000000e+00 6.000000000000000000e+00 2.000000000000000000e+00 2.000000000000000000e+00 2.000000000000000000e+00 2.000000000000000000e+00 2.000000000000000000e+00 2.000000000000000000e+00 2.000000000000000000e+00 2.000000000000000000e+00 2.000000000000000000e+00 5.000000000000000000e+00 2.000000000000000000e+00 2.000000000000000000e+00 6.000000000000000000e+00 6.000000000000000000e+00 2.000000000000000000e+00 2.000000000000000000e+00 2.000000000000000000e+00 2.000000000000000000e+00 2.000000000000000000e+00 2.000000000000000000e+00 3.000000000000000000e+00 2.550000000000000000e+02 2.550000000000000000e+02 2.550000000000000000e+02 2.550000000000000000e+02 2.550000000000000000e+02 2.550000000000000000e+02 2.550000000000000000e+02
2.550000000000000000e+02 2.550000000000000000e+02 2.550000000000000000e+02 2.550000000000000000e+02 2.550000000000000000e+02 2.550000000000000000e+02 3.000000000000000000e+00 2.000000000000000000e+00 2.000000000000000000e+00 2.000000000000000000e+00 2.000000000000000000e+00 3.000000000000000000e+00 3.000000000000000000e+00 3.000000000000000000e+00 4.000000000000000000e+00 2.000000000000000000e+00 2.000000000000000000e+00 2.000000000000000000e+00 2.000000000000000000e+00 2.000000000000000000e+00 2.000000000000000000e+00 1.000000000000000000e+00 2.000000000000000000e+00 2.000000000000000000e+00 4.000000000000000000e+00 2.000000000000000000e+00 4.000000000000000000e+00 3.000000000000000000e+00 3.000000000000000000e+00 4.000000000000000000e+00 4.000000000000000000e+00 4.000000000000000000e+00 4.000000000000000000e+00 9.000000000000000000e+00 9.000000000000000000e+00 9.000000000000000000e+00 9.000000000000000000e+00 9.000000000000000000e+00 3.000000000000000000e+00 3.000000000000000000e+00 3.000000000000000000e+00 3.000000000000000000e+00 3.000000000000000000e+00 3.000000000000000000e+00 3.000000000000000000e+00 3.000000000000000000e+00 7.000000000000000000e+00 3.000000000000000000e+00 2.000000000000000000e+00 2.000000000000000000e+00 3.000000000000000000e+00 6.000000000000000000e+00 6.000000000000000000e+00 3.000000000000000000e+00 3.000000000000000000e+00 3.000000000000000000e+00 3.000000000000000000e+00 2.000000000000000000e+00 2.000000000000000000e+00 2.000000000000000000e+00 3.000000000000000000e+00 3.000000000000000000e+00 3.000000000000000000e+00 3.000000000000000000e+00 2.000000000000000000e+00 2.000000000000000000e+00 2.000000000000000000e+00 2.000000000000000000e+00 2.000000000000000000e+00 2.000000000000000000e+00 2.000000000000000000e+00 6.000000000000000000e+00 6.000000000000000000e+00 2.000000000000000000e+00 2.000000000000000000e+00 2.000000000000000000e+00 2.000000000000000000e+00 2.000000000000000000e+00 2.000000000000000000e+00 2.000000000000000000e+00 2.000000000000000000e+00 2.000000000000000000e+00 2.000000000000000000e+00 2.000000000000000000e+00 2.000000000000000000e+00 2.000000000000000000e+00 2.000000000000000000e+00 5.000000000000000000e+00 2.000000000000000000e+00 2.000000000000000000e+00 2.000000000000000000e+00 6.000000000000000000e+00 2.000000000000000000e+00 3.000000000000000000e+00 3.000000000000000000e+00 2.000000000000000000e+00 2.000000000000000000e+00 2.000000000000000000e+00 2.000000000000000000e+00 2.550000000000000000e+02 2.550000000000000000e+02 2.550000000000000000e+02 2.550000000000000000e+02 2.550000000000000000e+02 2.550000000000000000e+02 2.550000000000000000e+02
2.550000000000000000e+02 2.550000000000000000e+02 2.550000000000000000e+02 2.550000000000000000e+02 2.000000000000000000e+00 2.000000000000000000e+00 2.000000000000000000e+00 2.000000000000000000e+00 2.000000000000000000e+00 2.000000000000000000e+00 2.000000000000000000e+00 2.000000000000000000e+00 2.000000000000000000e+00 3.000000000000000000e+00 3.000000000000000000e+00 2.000000000000000000e+00 2.000000000000000000e+00 2.000000000000000000e+00 2.000000000000000000e+00 2.000000000000000000e+00 2.000000000000000000e+00 1.000000000000000000e+00 2.000000000000000000e+00 2.000000000000000000e+00 2.000000000000000000e+00 2.000000000000000000e+00 3.000000000000000000e+00 3.000000000000000000e+00 3.000000000000000000e+00 3.000000000000000000e+00 4.000000000000000000e+00 4.000000000000000000e+00 4.000000000000000000e+00 3.000000000000000000e+00 3.000000000000000000e+00 4.000000000000000000e+00 3.000000000000000000e+00 9.000000000000000000e+00 3.000000000000000000e+00 3.000000000000000000e+00 3.000000000000000000e+00 3.000000000000000000e+00 3.000000000000000000e+00 3.000000000000000000e+00 3.000000000000000000e+00 3.000000000000000000e+00 3.000000000000000000e+00 3.000000000000000000e+00 2.000000000000000000e+00 2.000000000000000000e+00 3.000000000000000000e+00 3.000000000000000000e+00 3.000000000000000000e+00 3.000000000000000000e+00 3.000000000000000000e+00 3.000000000000000000e+00 2.000000000000000000e+00 3.000000000000000000e+00 3.000000000000000000e+00 2.000000000000000000e+00 5.000000000000000000e+00 5.000000000000000000e+00 5.000000000000000000e+00 5.000000000000000000e+00 5.000000000000000000e+00 5.000000000000000000e+00 5.000000000000000000e+00 5.000000000000000000e+00 5.000000000000000000e+00 5.000000000000000000e+00 2.000000000000000000e+00 2.000000000000000000e+00 2.000000000000000000e+00 2.000000000000000000e+00 2.000000000000000000e+00 2.000000000000000000e+00 2.000000000000000000e+00 2.000000000000000000e+00 2.000000000000000000e+00 2.000000000000000000e+00 2.000000000000000000e+00 3.000000000000000000e+00 2.000000000000000000e+00 2.000000000000000000e+00 2.000000000000000000e+00 2.000000000000000000e+00 3.000000000000000000e+00 5.000000000000000000e+00 2.000000000000000000e+00 2.000000000000000000e+00 2.000000000000000000e+00 2.000000000000000000e+00 2.000000000000000000e+00 2.000000000000000000e+00 2.000000000000000000e+00 2.000000000000000000e+00 2.000000000000000000e+00 2.000000000000000000e+00 2.000000000000000000e+00 2.550000000000000000e+02 2.550000000000000000e+02 2.550000000000000000e+02 2.550000000000000000e+02 2.550000000000000000e+02 2.550000000000000000e+02 2.550000000000000000e+02
2.550000000000000000e+02 2.550000000000000000e+02 2.550000000000000000e+02 2.550000000000000000e+02 2.000000000000000000e+00 2.000000000000000000e+00 2.000000000000000000e+00 2.000000000000000000e+00 1.000000000000000000e+00 2.000000000000000000e+00 2.000000000000000000e+00 1.000000000000000000e+00 1.000000000000000000e+00 2.000000000000000000e+00 1.000000000000000000e+00 2.000000000000000000e+00 2.000000000000000000e+00 2.000000000000000000e+00 2.000000000000000000e+00 2.000000000000000000e+00 2.000000000000000000e+00 2.000000000000000000e+00 1.000000000000000000e+00 2.000000000000000000e+00 2.000000000000000000e+00 2.000000000000000000e+00 2.000000000000000000e+00 2.000000000000000000e+00 2.000000000000000000e+00 2.000000000000000000e+00 3.000000000000000000e+00 3.000000000000000000e+00 3.000000000000000000e+00 4.000000000000000000e+00 3.000000000000000000e+00 3.000000000000000000e+00 2.000000000000000000e+00 3.000000000000000000e+00 2.000000000000000000e+00 2.000000000000000000e+00 2.000000000000000000e+00 2.000000000000000000e+00 5.000000000000000000e+00 5.000000000000000000e+00 5.000000000000000000e+00 5.000000000000000000e+00 5.000000000000000000e+00 5.000000000000000000e+00 5.000000000000000000e+00 5.000000000000000000e+00 5.000000000000000000e+00 5.000000000000000000e+00 5.000000000000000000e+00 5.000000000000000000e+00 5.000000000000000000e+00 5.000000000000000000e+00 5.000000000000000000e+00 5.000000000000000000e+00 5.000000000000000000e+00 5.000000000000000000e+00 5.000000000000000000e+00 3.000000000000000000e+00 3.000000000000000000e+00 3.000000000000000000e+00 2.000000000000000000e+00 2.000000000000000000e+00 2.000000000000000000e+00 2.000000000000000000e+00 2.000000000000000000e+00 5.000000000000000000e+00 5.000000000000000000e+00 5.000000000000000000e+00 5.000000000000000000e+00 5.000000000000000000e+00 5.000000000000000000e+00 5.000000000000000000e+00 2.000000000000000000e+00 2.000000000000000000e+00 2.000000000000000000e+00 2.000000000000000000e+00 2.000000000000000000e+00 2.000000000000000000e+00 2.000000000000000000e+00 2.000000000000000000e+00 2.000000000000000000e+00 2.000000000000000000e+00 3.000000000000000000e+00 5.000000000000000000e+00 2.000000000000000000e+00 2.000000000000000000e+00 2.000000000000000000e+00 2.000000000000000000e+00 2.000000000000000000e+00 2.000000000000000000e+00 2.000000000000000000e+00 2.000000000000000000e+00 2.000000000000000000e+00 2.000000000000000000e+00 2.000000000000000000e+00 2.550000000000000000e+02 2.550000000000000000e+02 2.550000000000000000e+02 2.550000000000000000e+02 2.550000000000000000e+02 2.550000000000000000e+02 2.550000000000000000e+02
2.550000000000000000e+02 2.550000000000000000e+02 2.550000000000000000e+02 2.550000000000000000e+02 2.000000000000000000e+00 2.000000000000000000e+00 2.000000000000000000e+00 2.000000000000000000e+00 2.000000000000000000e+00 2.000000000000000000e+00 2.000000000000000000e+00 1.000000000000000000e+00 1.000000000000000000e+00 2.000000000000000000e+00 1.000000000000000000e+00 2.000000000000000000e+00 2.000000000000000000e+00 2.000000000000000000e+00 2.000000000000000000e+00 2.000000000000000000e+00 2.000000000000000000e+00 2.000000000000000000e+00 1.000000000000000000e+00 2.000000000000000000e+00 2.000000000000000000e+00 2.000000000000000000e+00 2.000000000000000000e+00 2.000000000000000000e+00 2.000000000000000000e+00 2.000000000000000000e+00 3.000000000000000000e+00 3.000000000000000000e+00 3.000000000000000000e+00 4.000000000000000000e+00 3.000000000000000000e+00 3.000000000000000000e+00 2.000000000000000000e+00 3.000000000000000000e+00 2.000000000000000000e+00 2.000000000000000000e+00 2.000000000000000000e+00 2.000000000000000000e+00 2.000000000000000000e+00 3.000000000000000000e+00 2.000000000000000000e+00 3.000000000000000000e+00 3.000000000000000000e+00 3.000000000000000000e+00 3.000000000000000000e+00 3.000000000000000000e+00 3.000000000000000000e+00 2.000000000000000000e+00 2.000000000000000000e+00 3.000000000000000000e+00 3.000000000000000000e+00 3.000000000000000000e+00 3.000000000000000000e+00 3.000000000000000000e+00 2.000000000000000000e+00 2.000000000000000000e+00 3.000000000000000000e+00 2.000000000000000000e+00 3.000000000000000000e+00 3.000000000000000000e+00 2.000000000000000000e+00 2.000000000000000000e+00 2.000000000000000000e+00 2.000000000000000000e+00 2.000000000000000000e+00 2.000000000000000000e+00 2.000000000000000000e+00 2.000000000000000000e+00 2.000000000000000000e+00 2.000000000000000000e+00 2.000000000000000000e+00 5.000000000000000000e+00 2.000000000000000000e+00 2.000000000000000000e+00 2.000000000000000000e+00 2.000000000000000000e+00 2.000000000000000000e+00 2.000000000000000000e+00 2.000000000000000000e+00 2.000000000000000000e+00 2.000000000000000000e+00 2.000000000000000000e+00 3.000000000000000000e+00 5.000000000000000000e+00 3.000000000000000000e+00 2.000000000000000000e+00 2.000000000000000000e+00 2.000000000000000000e+00 2.000000000000000000e+00 2.000000000000000000e+00 2.000000000000000000e+00 2.000000000000000000e+00 2.000000000000000000e+00 2.000000000000000000e+00 2.000000000000000000e+00 2.550000000000000000e+02 2.550000000000000000e+02 2.550000000000000000e+02 2.550000000000000000e+02 2.550000000000000000e+02 2.550000000000000000e+02 2.550000000000000000e+02
2.550000000000000000e+02 2.550000000000000000e+02 2.550000000000000000e+02 2.550000000000000000e+02 2.000000000000000000e+00 2.000000000000000000e+00 2.000000000000000000e+00 2.000000000000000000e+00 2.000000000000000000e+00 2.000000000000000000e+00 2.000000000000000000e+00 2.000000000000000000e+00 2.000000000000000000e+00 2.000000000000000000e+00 2.000000000000000000e+00 1.000000000000000000e+00 1.000000000000000000e+00 2.000000000000000000e+00 2.000000000000000000e+00 2.000000000000000000e+00 1.000000000000000000e+00 2.000000000000000000e+00 2.000000000000000000e+00 2.000000000000000000e+00 2.000000000000000000e+00 2.000000000000000000e+00 2.000000000000000000e+00 2.000000000000000000e+00 2.000000000000000000e+00 2.000000000000000000e+00 3.000000000000000000e+00 3.000000000000000000e+00 2.000000000000000000e+00 2.000000000000000000e+00 2.550000000000000000e+02 2.550000000000000000e+02 2.550000000000000000e+02 2.550000000000000000e+02 2.550000000000000000e+02 2.550000000000000000e+02 2.550000000000000000e+02 2.550000000000000000e+02 2.550000000000000000e+02 2.550000000000000000e+02 2.550000000000000000e+02 2.000000000000000000e+00 2.000000000000000000e+00 2.000000000000000000e+00 2.000000000000000000e+00 3.000000000000000000e+00 2.000000000000000000e+00 2.000000000000000000e+00 2.000000000000000000e+00 3.000000000000000000e+00 3.000000000000000000e+00 3.000000000000000000e+00 3.000000000000000000e+00 3.000000000000000000e+00 3.000000000000000000e+00 2.000000000000000000e+00 2.000000000000000000e+00 2.000000000000000000e+00 2.550000000000000000e+02 2.550000000000000000e+02 2.550000000000000000e+02 2.550000000000000000e+02 2.550000000000000000e+02 2.550000000000000000e+02 2.000000000000000000e+00 2.000000000000000000e+00 2.000000000000000000e+00 2.000000000000000000e+00 2.000000000000000000e+00 2.000000000000000000e+00 2.000000000000000000e+00 5.000000000000000000e+00 2.000000000000000000e+00 6.000000000000000000e+00 2.000000000000000000e+00 2.000000000000000000e+00 2.000000000000000000e+00 2.000000000000000000e+00 2.000000000000000000e+00 2.000000000000000000e+00 2.000000000000000000e+00 2.000000000000000000e+00 2.000000000000000000e+00 5.000000000000000000e+00 3.000000000000000000e+00 2.000000000000000000e+00 2.000000000000000000e+00 2.000000000000000000e+00 2.000000000000000000e+00 2.000000000000000000e+00 2.000000000000000000e+00 2.000000000000000000e+00 2.000000000000000000e+00 2.000000000000000000e+00 2.000000000000000000e+00 2.550000000000000000e+02 2.550000000000000000e+02 2.550000000000000000e+02 2.550000000000000000e+02 2.550000000000000000e+02 2.550000000000000000e+02 2.550000000000000000e+02
2.550000000000000000e+02 2.550000000000000000e+02 2.550000000000000000e+02 2.550000000000000000e+02 2.550000000000000000e+02 2.550000000000000000e+02 2.000000000000000000e+00 2.000000000000000000e+00 2.000000000000000000e+00 2.000000000000000000e+00 2.000000000000000000e+00 1.000000000000000000e+00 1.000000000000000000e+00 2.000000000000000000e+00 1.000000000000000000e+00 1.000000000000000000e+00 1.000000000000000000e+00 2.000000000000000000e+00 2.000000000000000000e+00 2.000000000000000000e+00 2.000000000000000000e+00 2.000000000000000000e+00 2.000000000000000000e+00 2.000000000000000000e+00 2.000000000000000000e+00 2.000000000000000000e+00 2.000000000000000000e+00 2.000000000000000000e+00 2.000000000000000000e+00 2.000000000000000000e+00 3.000000000000000000e+00 3.000000000000000000e+00 2.000000000000000000e+00 3.000000000000000000e+00 2.550000000000000000e+02 2.550000000000000000e+02 2.550000000000000000e+02 2.550000000000000000e+02 2.550000000000000000e+02 2.550000000000000000e+02 2.550000000000000000e+02 2.550000000000000000e+02 2.550000000000000000e+02 2.550000000000000000e+02 2.550000000000000000e+02 2.000000000000000000e+00 2.000000000000000000e+00 2.000000000000000000e+00 2.000000000000000000e+00 3.000000000000000000e+00 3.000000000000000000e+00 2.000000000000000000e+00 3.000000000000000000e+00 3.000000000000000000e+00 2.000000000000000000e+00 3.000000000000000000e+00 2.000000000000000000e+00 2.000000000000000000e+00 2.000000000000000000e+00 2.550000000000000000e+02 2.550000000000000000e+02 2.550000000000000000e+02 2.550000000000000000e+02 2.550000000000000000e+02 2.550000000000000000e+02 2.550000000000000000e+02 2.550000000000000000e+02 2.550000000000000000e+02 2.000000000000000000e+00 3.000000000000000000e+00 3.000000000000000000e+00 2.000000000000000000e+00 2.000000000000000000e+00 2.000000000000000000e+00 2.000000000000000000e+00 5.000000000000000000e+00 2.000000000000000000e+00 2.000000000000000000e+00 2.000000000000000000e+00 2.000000000000000000e+00 2.000000000000000000e+00 2.000000000000000000e+00 2.000000000000000000e+00 2.000000000000000000e+00 2.000000000000000000e+00 2.000000000000000000e+00 2.000000000000000000e+00 5.000000000000000000e+00 2.000000000000000000e+00 3.000000000000000000e+00 2.000000000000000000e+00 1.000000000000000000e+00 2.000000000000000000e+00 2.000000000000000000e+00 2.000000000000000000e+00 2.000000000000000000e+00 2.000000000000000000e+00 2.000000000000000000e+00 2.000000000000000000e+00 2.550000000000000000e+02 2.550000000000000000e+02 2.550000000000000000e+02 2.550000000000000000e+02 2.550000000000000000e+02 2.550000000000000000e+02 2.550000000000000000e+02
2.550000000000000000e+02 2.550000000000000000e+02 2.550000000000000000e+02 2.550000000000000000e+02 2.550000000000000000e+02 2.550000000000000000e+02 2.000000000000000000e+00 2.000000000000000000e+00 2.000000000000000000e+00 2.000000000000000000e+00 1.000000000000000000e+00 2.000000000000000000e+00 2.000000000000000000e+00 2.000000000000000000e+00 1.000000000000000000e+00 2.000000000000000000e+00 2.000000000000000000e+00 2.000000000000000000e+00 2.000000000000000000e+00 2.000000000000000000e+00 2.000000000000000000e+00 2.000000000000000000e+00 2.000000000000000000e+00 2.000000000000000000e+00 2.000000000000000000e+00 2.000000000000000000e+00 1.000000000000000000e+00 1.000000000000000000e+00 1.000000000000000000e+00 1.000000000000000000e+00 1.000000000000000000e+00 2.000000000000000000e+00 3.000000000000000000e+00 2.000000000000000000e+00 2.550000000000000000e+02 2.550000000000000000e+02 2.550000000000000000e+02 2.550000000000000000e+02 2.550000000000000000e+02 2.550000000000000000e+02 2.550000000000000000e+02 2.550000000000000000e+02 2.550000000000000000e+02 2.550000000000000000e+02 2.550000000000000000e+02 2.550000000000000000e+02 2.550000000000000000e+02 2.000000000000000000e+00 3.000000000000000000e+00 2.000000000000000000e+00 2.000000000000000000e+00 2.000000000000000000e+00 2.000000000000000000e+00 2.000000000000000000e+00 2.000000000000000000e+00 2.000000000000000000e+00 2.000000000000000000e+00 2.550000000000000000e+02 2.550000000000000000e+02 2.550000000000000000e+02 2.550000000000000000e+02 2.550000000000000000e+02 2.550000000000000000e+02 2.550000000000000000e+02 2.550000000000000000e+02 2.550000000000000000e+02 2.550000000000000000e+02 2.550000000000000000e+02 2.550000000000000000e+02 2.000000000000000000e+00 2.000000000000000000e+00 2.000000000000000000e+00 2.000000000000000000e+00 2.000000000000000000e+00 2.000000000000000000e+00 5.000000000000000000e+00 2.000000000000000000e+00 2.000000000000000000e+00 2.000000000000000000e+00 2.000000000000000000e+00 2.000000000000000000e+00 2.000000000000000000e+00 2.000000000000000000e+00 2.000000000000000000e+00 5.000000000000000000e+00 5.000000000000000000e+00 5.000000000000000000e+00 5.000000000000000000e+00 2.000000000000000000e+00 2.000000000000000000e+00 2.000000000000000000e+00 2.000000000000000000e+00 2.000000000000000000e+00 2.000000000000000000e+00 2.000000000000000000e+00 2.000000000000000000e+00 2.000000000000000000e+00 2.000000000000000000e+00 2.550000000000000000e+02 2.550000000000000000e+02 2.550000000000000000e+02 2.550000000000000000e+02 2.550000000000000000e+02 2.550000000000000000e+02 2.550000000000000000e+02 2.550000000000000000e+02
2.550000000000000000e+02 2.550000000000000000e+02 2.550000000000000000e+02 2.550000000000000000e+02 2.550000000000000000e+02 2.550000000000000000e+02 2.000000000000000000e+00 2.000000000000000000e+00 2.000000000000000000e+00 2.000000000000000000e+00 2.000000000000000000e+00 2.000000000000000000e+00 2.000000000000000000e+00 2.000000000000000000e+00 2.000000000000000000e+00 2.000000000000000000e+00 2.000000000000000000e+00 2.000000000000000000e+00 2.000000000000000000e+00 2.000000000000000000e+00 2.000000000000000000e+00 1.000000000000000000e+00 1.000000000000000000e+00 1.000000000000000000e+00 2.000000000000000000e+00 2.000000000000000000e+00 2.000000000000000000e+00 2.000000000000000000e+00 2.000000000000000000e+00 1.000000000000000000e+00 2.000000000000000000e+00 2.550000000000000000e+02 2.550000000000000000e+02 2.550000000000000000e+02 2.550000000000000000e+02 2.550000000000000000e+02 2.550000000000000000e+02 2.550000000000000000e+02 2.550000000000000000e+02 2.550000000000000000e+02 2.550000000000000000e+02 2.550000000000000000e+02 2.550000000000000000e+02 2.550000000000000000e+02 2.550000000000000000e+02 2.550000000000000000e+02 2.550000000000000000e+02 2.550000000000000000e+02 2.550000000000000000e+02 2.550000000000000000e+02 2.550000000000000000e+02 2.550000000000000000e+02 2.550000000000000000e+02 2.550000000000000000e+02 2.550000000000000000e+02 2.550000000000000000e+02 2.550000000000000000e+02 2.550000000000000000e+02 2.550000000000000000e+02 2.550000000000000000e+02 2.550000000000000000e+02 2.550000000000000000e+02 2.550000000000000000e+02 2.550000000000000000e+02 2.550000000000000000e+02 2.550000000000000000e+02 2.550000000000000000e+02 2.550000000000000000e+02 2.550000000000000000e+02 2.000000000000000000e+00 2.000000000000000000e+00 2.000000000000000000e+00 2.000000000000000000e+00 2.000000000000000000e+00 2.000000000000000000e+00 5.000000000000000000e+00 2.000000000000000000e+00 2.000000000000000000e+00 2.000000000000000000e+00 2.000000000000000000e+00 2.000000000000000000e+00 2.000000000000000000e+00 2.000000000000000000e+00 2.000000000000000000e+00 5.000000000000000000e+00 2.000000000000000000e+00 2.000000000000000000e+00 3.000000000000000000e+00 2.000000000000000000e+00 2.000000000000000000e+00 2.000000000000000000e+00 2.000000000000000000e+00 2.000000000000000000e+00 2.000000000000000000e+00 2.000000000000000000e+00 2.000000000000000000e+00 2.000000000000000000e+00 2.000000000000000000e+00 2.000000000000000000e+00 2.550000000000000000e+02 2.550000000000000000e+02 2.550000000000000000e+02 2.550000000000000000e+02 2.550000000000000000e+02 2.550000000000000000e+02 2.550000000000000000e+02
2.550000000000000000e+02 2.550000000000000000e+02 2.550000000000000000e+02 2.550000000000000000e+02 2.550000000000000000e+02 2.550000000000000000e+02 2.000000000000000000e+00 2.000000000000000000e+00 2.000000000000000000e+00 2.000000000000000000e+00 2.000000000000000000e+00 2.000000000000000000e+00 2.000000000000000000e+00 2.000000000000000000e+00 2.000000000000000000e+00 2.000000000000000000e+00 2.000000000000000000e+00 2.000000000000000000e+00 2.000000000000000000e+00 2.000000000000000000e+00 2.000000000000000000e+00 1.000000000000000000e+00 2.000000000000000000e+00 2.000000000000000000e+00 2.000000000000000000e+00 2.000000000000000000e+00 2.000000000000000000e+00 2.000000000000000000e+00 2.000000000000000000e+00 2.000000000000000000e+00 2.550000000000000000e+02 2.550000000000000000e+02 2.550000000000000000e+02 2.550000000000000000e+02 2.550000000000000000e+02 2.550000000000000000e+02 2.550000000000000000e+02 2.550000000000000000e+02 2.550000000000000000e+02 2.550000000000000000e+02 2.550000000000000000e+02 2.550000000000000000e+02 2.550000000000000000e+02 2.550000000000000000e+02 2.550000000000000000e+02 2.550000000000000000e+02 2.550000000000000000e+02 2.550000000000000000e+02 2.550000000000000000e+02 2.550000000000000000e+02 2.550000000000000000e+02 2.550000000000000000e+02 2.550000000000000000e+02 2.550000000000000000e+02 2.550000000000000000e+02 2.550000000000000000e+02 2.550000000000000000e+02 2.550000000000000000e+02 2.550000000000000000e+02 2.550000000000000000e+02 2.550000000000000000e+02 2.550000000000000000e+02 2.550000000000000000e+02 2.550000000000000000e+02 2.550000000000000000e+02 2.550000000000000000e+02 2.550000000000000000e+02 2.550000000000000000e+02 2.550000000000000000e+02 2.000000000000000000e+00 2.000000000000000000e+00 2.000000000000000000e+00 2.000000000000000000e+00 2.000000000000000000e+00 2.000000000000000000e+00 5.000000000000000000e+00 5.000000000000000000e+00 5.000000000000000000e+00 2.000000000000000000e+00 2.000000000000000000e+00 2.000000000000000000e+00 2.000000000000000000e+00 2.000000000000000000e+00 2.000000000000000000e+00 5.000000000000000000e+00 2.000000000000000000e+00 3.000000000000000000e+00 2.000000000000000000e+00 2.000000000000000000e+00 2.000000000000000000e+00 2.000000000000000000e+00 2.000000000000000000e+00 2.000000000000000000e+00 2.000000000000000000e+00 2.000000000000000000e+00 2.000000000000000000e+00 2.000000000000000000e+00 2.000000000000000000e+00 2.000000000000000000e+00 2.550000000000000000e+02 2.550000000000000000e+02 2.550000000000000000e+02 2.550000000000000000e+02 2.550000000000000000e+02 2.550000000000000000e+02 2.550000000000000000e+02
2.550000000000000000e+02 2.550000000000000000e+02 2.550000000000000000e+02 2.550000000000000000e+02 2.550000000000000000e+02 2.550000000000000000e+02 2.000000000000000000e+00 2.000000000000000000e+00 2.000000000000000000e+00 2.000000000000000000e+00 2.000000000000000000e+00 2.000000000000000000e+00 2.000000000000000000e+00 2.000000000000000000e+00 2.000000000000000000e+00 2.000000000000000000e+00 2.000000000000000000e+00 2.000000000000000000e+00 2.000000000000000000e+00 2.000000000000000000e+00 2.000000000000000000e+00 2.000000000000000000e+00 2.000000000000000000e+00 2.000000000000000000e+00 2.000000000000000000e+00 2.000000000000000000e+00 2.000000000000000000e+00 2.000000000000000000e+00 2.550000000000000000e+02 2.550000000000000000e+02 2.550000000000000000e+02 2.550000000000000000e+02 2.550000000000000000e+02 2.550000000000000000e+02 2.550000000000000000e+02 2.550000000000000000e+02 2.550000000000000000e+02 2.550000000000000000e+02 2.550000000000000000e+02 2.550000000000000000e+02 2.550000000000000000e+02 2.550000000000000000e+02 2.550000000000000000e+02 2.550000000000000000e+02 2.550000000000000000e+02 2.550000000000000000e+02 2.550000000000000000e+02 2.550000000000000000e+02 2.550000000000000000e+02 2.550000000000000000e+02 2.550000000000000000e+02 2.550000000000000000e+02 2.550000000000000000e+02 2.550000000000000000e+02 2.550000000000000000e+02 2.550000000000000000e+02 2.550000000000000000e+02 2.550000000000000000e+02 2.550000000000000000e+02 2.550000000000000000e+02 2.550000000000000000e+02 2.550000000000000000e+02 2.550000000000000000e+02 2.550000000000000000e+02 2.550000000000000000e+02 2.550000000000000000e+02 2.550000000000000000e+02 2.550000000000000000e+02 2.550000000000000000e+02 2.550000000000000000e+02 2.000000000000000000e+00 3.000000000000000000e+00 2.000000000000000000e+00 2.000000000000000000e+00 2.000000000000000000e+00 2.000000000000000000e+00 2.000000000000000000e+00 5.000000000000000000e+00 5.000000000000000000e+00 5.000000000000000000e+00 5.000000000000000000e+00 5.000000000000000000e+00 5.000000000000000000e+00 5.000000000000000000e+00 5.000000000000000000e+00 2.000000000000000000e+00 3.000000000000000000e+00 2.000000000000000000e+00 2.000000000000000000e+00 2.000000000000000000e+00 2.000000000000000000e+00 2.000000000000000000e+00 2.000000000000000000e+00 2.000000000000000000e+00 2.000000000000000000e+00 2.000000000000000000e+00 1.000000000000000000e+00 1.000000000000000000e+00 2.000000000000000000e+00 2.550000000000000000e+02 2.550000000000000000e+02 2.550000000000000000e+02 2.550000000000000000e+02 2.550000000000000000e+02 2.550000000000000000e+02 2.550000000000000000e+02
2.550000000000000000e+02 2.550000000000000000e+02 2.550000000000000000e+02 2.550000000000000000e+02 2.550000000000000000e+02 2.550000000000000000e+02 2.550000000000000000e+02 2.550000000000000000e+02 2.550000000000000000e+02 2.550000000000000000e+02 2.550000000000000000e+02 2.000000000000000000e+00 2.000000000000000000e+00 2.000000000000000000e+00 2.000000000000000000e+00 2.550000000000000000e+02 2.550000000000000000e+02 2.550000000000000000e+02 2.000000000000000000e+00 2.000000000000000000e+00 2.000000000000000000e+00 2.000000000000000000e+00 2.000000000000000000e+00 2.000000000000000000e+00 2.000000000000000000e+00 2.000000000000000000e+00 2.000000000000000000e+00 2.000000000000000000e+00 2.550000000000000000e+02 2.550000000000000000e+02 2.550000000000000000e+02 2.550000000000000000e+02 2.550000000000000000e+02 2.550000000000000000e+02 2.550000000000000000e+02 2.550000000000000000e+02 2.550000000000000000e+02 2.550000000000000000e+02 2.550000000000000000e+02 2.550000000000000000e+02 2.550000000000000000e+02 2.550000000000000000e+02 2.550000000000000000e+02 2.550000000000000000e+02 2.550000000000000000e+02 2.550000000000000000e+02 2.550000000000000000e+02 2.550000000000000000e+02 2.550000000000000000e+02 2.550000000000000000e+02 2.550000000000000000e+02 2.550000000000000000e+02 2.550000000000000000e+02 2.550000000000000000e+02 2.550000000000000000e+02 2.550000000000000000e+02 2.550000000000000000e+02 2.550000000000000000e+02 2.550000000000000000e+02 2.550000000000000000e+02 2.550000000000000000e+02 2.550000000000000000e+02 2.550000000000000000e+02 2.550000000000000000e+02 2.550000000000000000e+02 2.550000000000000000e+02 2.550000000000000000e+02 2.550000000000000000e+02 2.550000000000000000e+02 2.550000000000000000e+02 3.000000000000000000e+00 3.000000000000000000e+00 2.000000000000000000e+00 2.000000000000000000e+00 2.000000000000000000e+00 2.000000000000000000e+00 2.000000000000000000e+00 2.000000000000000000e+00 2.000000000000000000e+00 2.000000000000000000e+00 2.000000000000000000e+00 2.000000000000000000e+00 5.000000000000000000e+00 5.000000000000000000e+00 2.000000000000000000e+00 2.000000000000000000e+00 2.000000000000000000e+00 2.000000000000000000e+00 2.000000000000000000e+00 2.000000000000000000e+00 2.000000000000000000e+00 2.000000000000000000e+00 2.000000000000000000e+00 2.000000000000000000e+00 2.000000000000000000e+00 2.000000000000000000e+00 2.000000000000000000e+00 2.000000000000000000e+00 2.000000000000000000e+00 2.550000000000000000e+02 2.550000000000000000e+02 2.550000000000000000e+02 2.550000000000000000e+02 2.550000000000000000e+02 2.550000000000000000e+02 2.550000000000000000e+02
2.550000000000000000e+02 2.550000000000000000e+02 2.550000000000000000e+02 2.550000000000000000e+02 2.550000000000000000e+02 2.550000000000000000e+02 2.550000000000000000e+02 2.550000000000000000e+02 2.550000000000000000e+02 2.550000000000000000e+02 2.550000000000000000e+02 2.550000000000000000e+02 2.000000000000000000e+00 2.000000000000000000e+00 2.550000000000000000e+02 2.550000000000000000e+02 2.550000000000000000e+02 2.550000000000000000e+02 2.550000000000000000e+02 2.000000000000000000e+00 2.000000000000000000e+00 2.000000000000000000e+00 2.000000000000000000e+00 2.000000000000000000e+00 2.000000000000000000e+00 2.000000000000000000e+00 2.000000000000000000e+00 1.000000000000000000e+00 2.550000000000000000e+02 2.550000000000000000e+02 2.550000000000000000e+02 2.550000000000000000e+02 2.550000000000000000e+02 2.550000000000000000e+02 2.550000000000000000e+02 2.550000000000000000e+02 2.550000000000000000e+02 2.550000000000000000e+02 2.550000000000000000e+02 2.550000000000000000e+02 2.550000000000000000e+02 2.550000000000000000e+02 2.550000000000000000e+02 2.550000000000000000e+02 2.550000000000000000e+02 2.550000000000000000e+02 2.550000000000000000e+02 2.550000000000000000e+02 2.550000000000000000e+02 2.550000000000000000e+02 2.550000000000000000e+02 2.550000000000000000e+02 2.550000000000000000e+02 2.550000000000000000e+02 2.550000000000000000e+02 2.550000000000000000e+02 2.550000000000000000e+02 2.550000000000000000e+02 2.550000000000000000e+02 2.550000000000000000e+02 2.550000000000000000e+02 2.550000000000000000e+02 2.550000000000000000e+02 2.550000000000000000e+02 2.550000000000000000e+02 2.550000000000000000e+02 2.550000000000000000e+02 2.550000000000000000e+02 2.550000000000000000e+02 2.550000000000000000e+02 2.550000000000000000e+02 2.000000000000000000e+00 2.000000000000000000e+00 2.000000000000000000e+00 2.000000000000000000e+00 2.000000000000000000e+00 2.000000000000000000e+00 2.000000000000000000e+00 2.000000000000000000e+00 2.000000000000000000e+00 2.000000000000000000e+00 2.000000000000000000e+00 2.000000000000000000e+00 5.000000000000000000e+00 2.000000000000000000e+00 2.000000000000000000e+00 2.000000000000000000e+00 2.000000000000000000e+00 2.000000000000000000e+00 2.000000000000000000e+00 2.000000000000000000e+00 2.000000000000000000e+00 2.000000000000000000e+00 2.000000000000000000e+00 2.000000000000000000e+00 2.000000000000000000e+00 2.000000000000000000e+00 2.550000000000000000e+02 2.550000000000000000e+02 2.550000000000000000e+02 2.550000000000000000e+02 2.550000000000000000e+02 2.550000000000000000e+02 2.550000000000000000e+02 2.550000000000000000e+02 2.550000000000000000e+02
2.550000000000000000e+02 2.550000000000000000e+02 2.550000000000000000e+02 2.550000000000000000e+02 2.550000000000000000e+02 2.550000000000000000e+02 2.550000000000000000e+02 2.550000000000000000e+02 2.550000000000000000e+02 2.550000000000000000e+02 2.550000000000000000e+02 2.550000000000000000e+02 2.550000000000000000e+02 2.550000000000000000e+02 2.550000000000000000e+02 2.550000000000000000e+02 2.550000000000000000e+02 2.550000000000000000e+02 2.550000000000000000e+02 2.550000000000000000e+02 2.550000000000000000e+02 2.550000000000000000e+02 2.550000000000000000e+02 2.000000000000000000e+00 2.000000000000000000e+00 2.550000000000000000e+02 2.550000000000000000e+02 2.550000000000000000e+02 2.550000000000000000e+02 2.550000000000000000e+02 2.550000000000000000e+02 2.550000000000000000e+02 2.550000000000000000e+02 2.550000000000000000e+02 2.550000000000000000e+02 2.550000000000000000e+02 2.550000000000000000e+02 2.550000000000000000e+02 2.550000000000000000e+02 2.550000000000000000e+02 2.550000000000000000e+02 2.550000000000000000e+02 2.550000000000000000e+02 2.550000000000000000e+02 2.550000000000000000e+02 2.550000000000000000e+02 2.550000000000000000e+02 2.550000000000000000e+02 2.550000000000000000e+02 2.550000000000000000e+02 2.550000000000000000e+02 2.550000000000000000e+02 2.550000000000000000e+02 2.550000000000000000e+02 2.550000000000000000e+02 2.550000000000000000e+02 2.550000000000000000e+02 2.550000000000000000e+02 2.550000000000000000e+02 2.550000000000000000e+02 2.550000000000000000e+02 2.550000000000000000e+02 2.550000000000000000e+02 2.550000000000000000e+02 2.550000000000000000e+02 2.550000000000000000e+02 2.550000000000000000e+02 2.550000000000000000e+02 2.550000000000000000e+02 2.550000000000000000e+02 2.550000000000000000e+02 2.550000000000000000e+02 2.550000000000000000e+02 2.550000000000000000e+02 2.550000000000000000e+02 2.550000000000000000e+02 2.550000000000000000e+02 2.550000000000000000e+02 2.550000000000000000e+02 2.550000000000000000e+02 2.550000000000000000e+02 2.550000000000000000e+02 2.550000000000000000e+02 2.550000000000000000e+02 2.000000000000000000e+00 2.000000000000000000e+00 2.000000000000000000e+00 2.000000000000000000e+00 2.000000000000000000e+00 2.000000000000000000e+00 2.000000000000000000e+00 2.000000000000000000e+00 2.000000000000000000e+00 2.000000000000000000e+00 2.000000000000000000e+00 2.000000000000000000e+00 2.550000000000000000e+02 2.550000000000000000e+02 2.550000000000000000e+02 2.550000000000000000e+02 2.550000000000000000e+02 2.550000000000000000e+02 2.550000000000000000e+02 2.550000000000000000e+02 2.550000000000000000e+02 2.550000000000000000e+02
2.550000000000000000e+02 2.550000000000000000e+02 2.550000000000000000e+02 2.550000000000000000e+02 2.550000000000000000e+02 2.550000000000000000e+02 2.550000000000000000e+02 2.550000000000000000e+02 2.550000000000000000e+02 2.550000000000000000e+02 2.550000000000000000e+02 2.550000000000000000e+02 2.550000000000000000e+02 2.550000000000000000e+02 2.550000000000000000e+02 2.550000000000000000e+02 2.550000000000000000e+02 2.550000000000000000e+02 2.550000000000000000e+02 2.550000000000000000e+02 2.550000000000000000e+02 2.550000000000000000e+02 2.550000000000000000e+02 2.550000000000000000e+02 2.550000000000000000e+02 2.550000000000000000e+02 2.550000000000000000e+02 2.550000000000000000e+02 2.550000000000000000e+02 2.550000000000000000e+02 2.550000000000000000e+02 2.550000000000000000e+02 2.550000000000000000e+02 2.550000000000000000e+02 2.550000000000000000e+02 2.550000000000000000e+02 2.550000000000000000e+02 2.550000000000000000e+02 2.550000000000000000e+02 2.550000000000000000e+02 2.550000000000000000e+02 2.550000000000000000e+02 2.550000000000000000e+02 2.550000000000000000e+02 2.550000000000000000e+02 2.550000000000000000e+02 2.550000000000000000e+02 2.550000000000000000e+02 2.550000000000000000e+02 2.550000000000000000e+02 2.550000000000000000e+02 2.550000000000000000e+02 2.550000000000000000e+02 2.550000000000000000e+02 2.550000000000000000e+02 2.550000000000000000e+02 2.550000000000000000e+02 2.550000000000000000e+02 2.550000000000000000e+02 2.550000000000000000e+02 2.550000000000000000e+02 2.550000000000000000e+02 2.550000000000000000e+02 2.550000000000000000e+02 2.550000000000000000e+02 2.550000000000000000e+02 2.550000000000000000e+02 2.550000000000000000e+02 2.550000000000000000e+02 2.550000000000000000e+02 2.550000000000000000e+02 2.550000000000000000e+02 2.550000000000000000e+02 2.550000000000000000e+02 2.550000000000000000e+02 2.550000000000000000e+02 2.550000000000000000e+02 2.550000000000000000e+02 2.550000000000000000e+02 2.550000000000000000e+02 2.550000000000000000e+02 2.550000000000000000e+02 2.550000000000000000e+02 2.550000000000000000e+02 2.550000000000000000e+02 2.550000000000000000e+02 2.550000000000000000e+02 2.550000000000000000e+02 2.550000000000000000e+02 2.550000000000000000e+02 2.550000000000000000e+02 2.550000000000000000e+02 2.550000000000000000e+02 2.550000000000000000e+02 2.000000000000000000e+00 2.550000000000000000e+02 2.550000000000000000e+02 2.550000000000000000e+02 2.550000000000000000e+02 2.550000000000000000e+02 2.550000000000000000e+02 2.550000000000000000e+02 2.550000000000000000e+02 2.550000000000000000e+02 2.550000000000000000e+02 2.550000000000000000e+02
